month,date,city_name,max_num,min_num
1,2018-01-01,北京,3,-5
1,2018-01-01,呼和浩特,-2,-13
1,2018-01-01,恩施,9,7
1,2018-01-01,成都,13,2
1,2018-01-01,昆明,19,7
1,2018-01-01,济南,10,2
1,2018-01-01,西安,7,-1
1,2018-01-01,贵阳,7,5
1,2018-01-01,运城,7,-5
1,2018-01-01,郑州,9,-1
1,2018-01-01,重庆,11,8
1,2018-01-02,北京,2,-6
1,2018-01-02,呼和浩特,-6,-13
1,2018-01-02,恩施,8,6
1,2018-01-02,成都,12,3
1,2018-01-02,昆明,17,10
1,2018-01-02,济南,2,-1
1,2018-01-02,西安,2,-1
1,2018-01-02,贵阳,9,6
1,2018-01-02,运城,6,-2
1,2018-01-02,郑州,4,2
1,2018-01-02,重庆,9,9
1,2018-01-03,北京,0,-3
1,2018-01-03,呼和浩特,-5,-14
1,2018-01-03,恩施,6,4
1,2018-01-03,成都,9,5
1,2018-01-03,昆明,9,8
1,2018-01-03,济南,0,-2
1,2018-01-03,西安,0,-4
1,2018-01-03,贵阳,6,2
1,2018-01-03,运城,2,-3
1,2018-01-03,郑州,1,-3
1,2018-01-03,重庆,9,8
1,2018-01-04,北京,-1,-5
1,2018-01-04,呼和浩特,-3,-13
1,2018-01-04,恩施,4,2
1,2018-01-04,成都,8,3
1,2018-01-04,昆明,15,7
1,2018-01-04,济南,-1,-3
1,2018-01-04,西安,-3,-4
1,2018-01-04,贵阳,3,1
1,2018-01-04,运城,-1,-4
1,2018-01-04,郑州,-2,-8
1,2018-01-04,重庆,8,7
1,2018-01-05,北京,3,-8
1,2018-01-05,呼和浩特,-3,-14
1,2018-01-05,恩施,4,3
1,2018-01-05,成都,7,5
1,2018-01-05,昆明,17,4
1,2018-01-05,济南,2,-5
1,2018-01-05,西安,-2,-4
1,2018-01-05,贵阳,8,0
1,2018-01-05,运城,0,-5
1,2018-01-05,郑州,2,-16
1,2018-01-05,重庆,7,6
1,2018-01-06,北京,2,-5
1,2018-01-06,呼和浩特,-2,-12
1,2018-01-06,恩施,4,3
1,2018-01-06,成都,9,4
1,2018-01-06,昆明,17,3
1,2018-01-06,济南,4,-4
1,2018-01-06,西安,-1,-3
1,2018-01-06,贵阳,17,1
1,2018-01-06,运城,0,-2
1,2018-01-06,郑州,0,-1
1,2018-01-06,重庆,9,6
1,2018-01-07,北京,3,-1
1,2018-01-07,呼和浩特,-8,-14
1,2018-01-07,恩施,4,3
1,2018-01-07,成都,9,2
1,2018-01-07,昆明,18,5
1,2018-01-07,济南,1,-1
1,2018-01-07,西安,0,-2
1,2018-01-07,贵阳,2,0
1,2018-01-07,运城,0,-3
1,2018-01-07,郑州,2,-4
1,2018-01-07,重庆,7,5
1,2018-01-08,北京,0,-3
1,2018-01-08,呼和浩特,-9,-15
1,2018-01-08,恩施,9,2
1,2018-01-08,成都,8,-1
1,2018-01-08,昆明,17,1
1,2018-01-08,济南,0,-2
1,2018-01-08,西安,3,-4
1,2018-01-08,贵阳,1,0
1,2018-01-08,运城,0,-8
1,2018-01-08,郑州,2,-1
1,2018-01-08,重庆,9,4
1,2018-01-09,北京,0,-5
1,2018-01-09,呼和浩特,-9,-17
1,2018-01-09,恩施,11,0
1,2018-01-09,成都,12,-3
1,2018-01-09,昆明,11,2
1,2018-01-09,济南,4,-6
1,2018-01-09,西安,5,-4
1,2018-01-09,贵阳,3,0
1,2018-01-09,运城,2,-11
1,2018-01-09,郑州,6,0
1,2018-01-09,重庆,10,2
1,2018-01-10,北京,-1,-7
1,2018-01-10,呼和浩特,-6,-14
1,2018-01-10,恩施,11,-1
1,2018-01-10,成都,13,-3
1,2018-01-10,昆明,3,1
1,2018-01-10,济南,0,-7
1,2018-01-10,西安,6,-5
1,2018-01-10,贵阳,7,1
1,2018-01-10,运城,3,-7
1,2018-01-10,郑州,5,0
1,2018-01-10,重庆,11,2
1,2018-01-11,北京,-1,-8
1,2018-01-11,呼和浩特,-5,-17
1,2018-01-11,恩施,11,0
1,2018-01-11,成都,13,-3
1,2018-01-11,昆明,7,1
1,2018-01-11,济南,-3,-9
1,2018-01-11,西安,5,-4
1,2018-01-11,贵阳,6,0
1,2018-01-11,运城,4,-9
1,2018-01-11,郑州,2,-4
1,2018-01-11,重庆,13,4
1,2018-01-12,北京,3,-10
1,2018-01-12,呼和浩特,-5,-17
1,2018-01-12,恩施,11,0
1,2018-01-12,成都,11,-1
1,2018-01-12,昆明,6,2
1,2018-01-12,济南,1,-10
1,2018-01-12,西安,1,-4
1,2018-01-12,贵阳,8,2
1,2018-01-12,运城,4,-8
1,2018-01-12,郑州,4,-7
1,2018-01-12,重庆,10,3
1,2018-01-13,北京,3,-8
1,2018-01-13,呼和浩特,-2,-14
1,2018-01-13,恩施,7,3
1,2018-01-13,成都,7,3
1,2018-01-13,昆明,10,4
1,2018-01-13,济南,7,-2
1,2018-01-13,西安,0,-4
1,2018-01-13,贵阳,5,4
1,2018-01-13,运城,2,-7
1,2018-01-13,郑州,6,-6
1,2018-01-13,重庆,9,7
1,2018-01-14,北京,6,-6
1,2018-01-14,呼和浩特,-2,-14
1,2018-01-14,恩施,12,0
1,2018-01-14,成都,12,0
1,2018-01-14,昆明,12,6
1,2018-01-14,济南,9,1
1,2018-01-14,西安,5,-4
1,2018-01-14,贵阳,7,3
1,2018-01-14,运城,5,-7
1,2018-01-14,郑州,12,-3
1,2018-01-14,重庆,13,3
1,2018-01-15,北京,2,-3
1,2018-01-15,呼和浩特,0,-10
1,2018-01-15,恩施,7,0
1,2018-01-15,成都,10,1
1,2018-01-15,昆明,16,5
1,2018-01-15,济南,7,-1
1,2018-01-15,西安,2,-3
1,2018-01-15,贵阳,7,4
1,2018-01-15,运城,2,-4
1,2018-01-15,郑州,7,-2
1,2018-01-15,重庆,9,5
1,2018-01-16,北京,4,-2
1,2018-01-16,呼和浩特,-4,-15
1,2018-01-16,恩施,8,5
1,2018-01-16,成都,18,2
1,2018-01-16,昆明,16,4
1,2018-01-16,济南,5,0
1,2018-01-16,西安,6,-3
1,2018-01-16,贵阳,11,3
1,2018-01-16,运城,6,-4
1,2018-01-16,郑州,6,-1
1,2018-01-16,重庆,11,7
1,2018-01-17,北京,7,-4
1,2018-01-17,呼和浩特,-3,-13
1,2018-01-17,恩施,12,6
1,2018-01-17,成都,13,1
1,2018-01-17,昆明,18,5
1,2018-01-17,济南,7,0
1,2018-01-17,西安,8,-1
1,2018-01-17,贵阳,12,2
1,2018-01-17,运城,6,-3
1,2018-01-17,郑州,11,-2
1,2018-01-17,重庆,10,5
1,2018-01-18,北京,4,-6
1,2018-01-18,呼和浩特,-2,-16
1,2018-01-18,恩施,8,7
1,2018-01-18,成都,11,1
1,2018-01-18,昆明,16,4
1,2018-01-18,济南,7,0
1,2018-01-18,西安,5,0
1,2018-01-18,贵阳,9,5
1,2018-01-18,运城,7,-3
1,2018-01-18,郑州,6,0
1,2018-01-18,重庆,9,8
1,2018-01-19,北京,8,-6
1,2018-01-19,呼和浩特,-1,-15
1,2018-01-19,恩施,9,6
1,2018-01-19,成都,16,3
1,2018-01-19,昆明,18,4
1,2018-01-19,济南,9,2
1,2018-01-19,西安,10,-1
1,2018-01-19,贵阳,6,4
1,2018-01-19,运城,9,-3
1,2018-01-19,郑州,14,0
1,2018-01-19,重庆,12,9
1,2018-01-20,北京,2,-6
1,2018-01-20,呼和浩特,-1,-13
1,2018-01-20,恩施,10,7
1,2018-01-20,成都,13,5
1,2018-01-20,昆明,18,3
1,2018-01-20,济南,10,0
1,2018-01-20,西安,10,-1
1,2018-01-20,贵阳,6,4
1,2018-01-20,运城,7,-3
1,2018-01-20,郑州,12,-2
1,2018-01-20,重庆,10,9
1,2018-01-21,北京,-2,-4
1,2018-01-21,呼和浩特,-4,-13
1,2018-01-21,恩施,9,6
1,2018-01-21,成都,16,3
1,2018-01-21,昆明,17,4
1,2018-01-21,济南,5,0
1,2018-01-21,西安,9,0
1,2018-01-21,贵阳,9,4
1,2018-01-21,运城,8,-1
1,2018-01-21,郑州,4,0
1,2018-01-21,重庆,13,8
1,2018-01-22,北京,-3,-8
1,2018-01-22,呼和浩特,-13,-22
1,2018-01-22,恩施,10,5
1,2018-01-22,成都,12,8
1,2018-01-22,昆明,18,1
1,2018-01-22,济南,0,-6
1,2018-01-22,西安,10,-1
1,2018-01-22,贵阳,10,6
1,2018-01-22,运城,9,-2
1,2018-01-22,郑州,2,0
1,2018-01-22,重庆,11,6
1,2018-01-23,北京,-4,-12
1,2018-01-23,呼和浩特,-15,-25
1,2018-01-23,恩施,9,7
1,2018-01-23,成都,13,8
1,2018-01-23,昆明,18,4
1,2018-01-23,济南,-3,-9
1,2018-01-23,西安,2,0
1,2018-01-23,贵阳,14,8
1,2018-01-23,运城,3,-3
1,2018-01-23,郑州,1,-3
1,2018-01-23,重庆,12,9
1,2018-01-24,北京,-2,-11
1,2018-01-24,呼和浩特,-10,-22
1,2018-01-24,恩施,8,2
1,2018-01-24,成都,10,6
1,2018-01-24,昆明,20,5
1,2018-01-24,济南,1,-10
1,2018-01-24,西安,0,-3
1,2018-01-24,贵阳,17,11
1,2018-01-24,运城,0,-5
1,2018-01-24,郑州,0,-3
1,2018-01-24,重庆,11,8
1,2018-01-25,北京,-4,-10
1,2018-01-25,呼和浩特,-8,-16
1,2018-01-25,恩施,3,2
1,2018-01-25,成都,9,4
1,2018-01-25,昆明,19,3
1,2018-01-25,济南,-1,-7
1,2018-01-25,西安,-4,-5
1,2018-01-25,贵阳,14,0
1,2018-01-25,运城,-2,-6
1,2018-01-25,郑州,-1,-3
1,2018-01-25,重庆,8,4
1,2018-01-26,北京,-4,-11
1,2018-01-26,呼和浩特,-6,-16
1,2018-01-26,恩施,2,0
1,2018-01-26,成都,6,1
1,2018-01-26,昆明,18,6
1,2018-01-26,济南,-2,-9
1,2018-01-26,西安,-3,-7
1,2018-01-26,贵阳,0,-3
1,2018-01-26,运城,0,-7
1,2018-01-26,郑州,0,-7
1,2018-01-26,重庆,5,4
1,2018-01-27,北京,-4,-11
1,2018-01-27,呼和浩特,-9,-21
1,2018-01-27,恩施,1,0
1,2018-01-27,成都,4,0
1,2018-01-27,昆明,17,1
1,2018-01-27,济南,-2,-5
1,2018-01-27,西安,-3,-6
1,2018-01-27,贵阳,-2,-4
1,2018-01-27,运城,-1,-4
1,2018-01-27,郑州,-2,-5
1,2018-01-27,重庆,5,3
1,2018-01-28,北京,-2,-10
1,2018-01-28,呼和浩特,-12,-23
1,2018-01-28,恩施,3,1
1,2018-01-28,成都,7,-1
1,2018-01-28,昆明,17,2
1,2018-01-28,济南,-3,-9
1,2018-01-28,西安,-2,-6
1,2018-01-28,贵阳,-1,-3
1,2018-01-28,运城,-3,-5
1,2018-01-28,郑州,-2,-7
1,2018-01-28,重庆,5,4
1,2018-01-29,北京,0,-5
1,2018-01-29,呼和浩特,-9,-22
1,2018-01-29,恩施,3,0
1,2018-01-29,成都,6,0
1,2018-01-29,昆明,12,2
1,2018-01-29,济南,-1,-8
1,2018-01-29,西安,-3,-9
1,2018-01-29,贵阳,0,-4
1,2018-01-29,运城,0,-8
1,2018-01-29,郑州,3,-4
1,2018-01-29,重庆,6,4
1,2018-01-30,北京,4,-5
1,2018-01-30,呼和浩特,-7,-21
1,2018-01-30,恩施,7,0
1,2018-01-30,成都,4,2
1,2018-01-30,昆明,16,2
1,2018-01-30,济南,2,-7
1,2018-01-30,西安,0,-7
1,2018-01-30,贵阳,0,-3
1,2018-01-30,运城,1,-7
1,2018-01-30,郑州,5,-4
1,2018-01-30,重庆,7,5
1,2018-01-31,北京,4,-4
1,2018-01-31,呼和浩特,-7,-20
1,2018-01-31,恩施,7,1
1,2018-01-31,成都,10,1
1,2018-01-31,昆明,6,0
1,2018-01-31,济南,4,-3
1,2018-01-31,西安,2,-5
1,2018-01-31,贵阳,1,-2
1,2018-01-31,运城,2,-6
1,2018-01-31,郑州,6,0
1,2018-01-31,重庆,10,4
2,2018-02-01,北京,4,-7
2,2018-02-01,呼和浩特,-7,-16
2,2018-02-01,恩施,5,0
2,2018-02-01,成都,7,3
2,2018-02-01,昆明,11,3
2,2018-02-01,济南,6,-3
2,2018-02-01,西安,3,-6
2,2018-02-01,贵阳,4,-2
2,2018-02-01,运城,3,-9
2,2018-02-01,郑州,8,-6
2,2018-02-01,重庆,7,4
2,2018-02-02,北京,-1,-6
2,2018-02-02,呼和浩特,-10,-21
2,2018-02-02,恩施,10,1
2,2018-02-02,成都,11,0
2,2018-02-02,昆明,8,-1
2,2018-02-02,济南,0,-7
2,2018-02-02,西安,0,-3
2,2018-02-02,贵阳,1,-2
2,2018-02-02,运城,0,-6
2,2018-02-02,郑州,4,-2
2,2018-02-02,重庆,9,5
2,2018-02-03,北京,0,-9
2,2018-02-03,呼和浩特,-7,-21
2,2018-02-03,恩施,6,3
2,2018-02-03,成都,11,1
2,2018-02-03,昆明,3,-1
2,2018-02-03,济南,0,-9
2,2018-02-03,西安,1,-7
2,2018-02-03,贵阳,1,-1
2,2018-02-03,运城,2,-12
2,2018-02-03,郑州,3,-6
2,2018-02-03,重庆,11,5
2,2018-02-04,北京,2,-10
2,2018-02-04,呼和浩特,-3,-20
2,2018-02-04,恩施,7,0
2,2018-02-04,成都,7,3
2,2018-02-04,昆明,2,1
2,2018-02-04,济南,2,-8
2,2018-02-04,西安,3,-7
2,2018-02-04,贵阳,-1,-3
2,2018-02-04,运城,3,-12
2,2018-02-04,郑州,6,-6
2,2018-02-04,重庆,9,6
2,2018-02-05,北京,0,-8
2,2018-02-05,呼和浩特,-3,-14
2,2018-02-05,恩施,11,0
2,2018-02-05,成都,7,2
2,2018-02-05,昆明,1,-1
2,2018-02-05,济南,0,-7
2,2018-02-05,西安,6,-5
2,2018-02-05,贵阳,5,-3
2,2018-02-05,运城,6,-10
2,2018-02-05,郑州,8,0
2,2018-02-05,重庆,8,4
2,2018-02-06,北京,1,-12
2,2018-02-06,呼和浩特,-2,-14
2,2018-02-06,恩施,11,0
2,2018-02-06,成都,6,2
2,2018-02-06,昆明,8,0
2,2018-02-06,济南,3,-9
2,2018-02-06,西安,5,-6
2,2018-02-06,贵阳,3,-1
2,2018-02-06,运城,6,-10
2,2018-02-06,郑州,7,-5
2,2018-02-06,重庆,10,3
2,2018-02-07,北京,0,-7
2,2018-02-07,呼和浩特,-6,-16
2,2018-02-07,恩施,12,2
2,2018-02-07,成都,9,2
2,2018-02-07,昆明,4,1
2,2018-02-07,济南,2,-5
2,2018-02-07,西安,5,-3
2,2018-02-07,贵阳,3,0
2,2018-02-07,运城,6,-8
2,2018-02-07,郑州,10,-3
2,2018-02-07,重庆,11,5
2,2018-02-08,北京,1,-10
2,2018-02-08,呼和浩特,-3,-17
2,2018-02-08,恩施,13,4
2,2018-02-08,成都,10,1
2,2018-02-08,昆明,16,1
2,2018-02-08,济南,5,-7
2,2018-02-08,西安,5,-3
2,2018-02-08,贵阳,9,0
2,2018-02-08,运城,9,-5
2,2018-02-08,郑州,7,-2
2,2018-02-08,重庆,12,5
2,2018-02-09,北京,3,-7
2,2018-02-09,呼和浩特,-7,-13
2,2018-02-09,恩施,10,7
2,2018-02-09,成都,12,5
2,2018-02-09,昆明,18,8
2,2018-02-09,济南,8,1
2,2018-02-09,西安,8,0
2,2018-02-09,贵阳,7,4
2,2018-02-09,运城,8,-3
2,2018-02-09,郑州,13,0
2,2018-02-09,重庆,11,8
2,2018-02-10,北京,-1,-9
2,2018-02-10,呼和浩特,-9,-18
2,2018-02-10,恩施,8,4
2,2018-02-10,成都,10,3
2,2018-02-10,昆明,18,6
2,2018-02-10,济南,2,-4
2,2018-02-10,西安,5,0
2,2018-02-10,贵阳,5,2
2,2018-02-10,运城,5,-1
2,2018-02-10,郑州,7,-1
2,2018-02-10,重庆,9,5
2,2018-02-11,北京,-1,-5
2,2018-02-11,呼和浩特,-9,-17
2,2018-02-11,恩施,7,4
2,2018-02-11,成都,10,4
2,2018-02-11,昆明,19,2
2,2018-02-11,济南,0,-6
2,2018-02-11,西安,6,-3
2,2018-02-11,贵阳,6,0
2,2018-02-11,运城,2,-7
2,2018-02-11,郑州,6,-5
2,2018-02-11,重庆,7,5
2,2018-02-12,北京,5,-3
2,2018-02-12,呼和浩特,0,-15
2,2018-02-12,恩施,12,3
2,2018-02-12,成都,10,2
2,2018-02-12,昆明,20,2
2,2018-02-12,济南,4,-6
2,2018-02-12,西安,9,-5
2,2018-02-12,贵阳,6,3
2,2018-02-12,运城,7,-11
2,2018-02-12,郑州,10,0
2,2018-02-12,重庆,8,6
2,2018-02-13,北京,9,-5
2,2018-02-13,呼和浩特,3,-14
2,2018-02-13,恩施,11,3
2,2018-02-13,成都,12,0
2,2018-02-13,昆明,22,4
2,2018-02-13,济南,13,2
2,2018-02-13,西安,13,-4
2,2018-02-13,贵阳,8,4
2,2018-02-13,运城,12,-7
2,2018-02-13,郑州,17,-4
2,2018-02-13,重庆,11,6
2,2018-02-14,北京,4,-4
2,2018-02-14,呼和浩特,-1,-8
2,2018-02-14,恩施,10,3
2,2018-02-14,成都,12,3
2,2018-02-14,昆明,22,10
2,2018-02-14,济南,10,0
2,2018-02-14,西安,14,0
2,2018-02-14,贵阳,20,5
2,2018-02-14,运城,16,-1
2,2018-02-14,郑州,12,3
2,2018-02-14,重庆,14,8
2,2018-02-15,北京,5,-7
2,2018-02-15,呼和浩特,1,-14
2,2018-02-15,恩施,7,3
2,2018-02-15,成都,17,0
2,2018-02-15,昆明,19,8
2,2018-02-15,济南,6,-2
2,2018-02-15,西安,10,3
2,2018-02-15,贵阳,16,7
2,2018-02-15,运城,11,3
2,2018-02-15,郑州,7,3
2,2018-02-15,重庆,14,9
2,2018-02-16,北京,7,-5
2,2018-02-16,呼和浩特,1,-10
2,2018-02-16,恩施,12,6
2,2018-02-16,成都,18,3
2,2018-02-16,昆明,21,4
2,2018-02-16,济南,9,0
2,2018-02-16,西安,13,0
2,2018-02-16,贵阳,22,7
2,2018-02-16,运城,13,-2
2,2018-02-16,郑州,13,0
2,2018-02-16,重庆,17,7
2,2018-02-17,北京,2,-5
2,2018-02-17,呼和浩特,2,-8
2,2018-02-17,恩施,7,4
2,2018-02-17,成都,17,9
2,2018-02-17,昆明,21,5
2,2018-02-17,济南,10,0
2,2018-02-17,西安,7,5
2,2018-02-17,贵阳,21,12
2,2018-02-17,运城,8,2
2,2018-02-17,郑州,7,1
2,2018-02-17,重庆,13,8
2,2018-02-18,北京,7,-6
2,2018-02-18,呼和浩特,3,-9
2,2018-02-18,恩施,9,7
2,2018-02-18,成都,16,7
2,2018-02-18,昆明,21,4
2,2018-02-18,济南,12,4
2,2018-02-18,西安,9,4
2,2018-02-18,贵阳,21,10
2,2018-02-18,运城,8,0
2,2018-02-18,郑州,9,5
2,2018-02-18,重庆,14,9
2,2018-02-19,北京,5,-2
2,2018-02-19,呼和浩特,1,-6
2,2018-02-19,恩施,10,7
2,2018-02-19,成都,17,6
2,2018-02-19,昆明,20,3
2,2018-02-19,济南,12,2
2,2018-02-19,西安,10,3
2,2018-02-19,贵阳,15,6
2,2018-02-19,运城,12,3
2,2018-02-19,郑州,12,3
2,2018-02-19,重庆,13,9
2,2018-02-20,北京,7,0
2,2018-02-20,呼和浩特,-1,-11
2,2018-02-20,恩施,9,7
2,2018-02-20,成都,17,2
2,2018-02-20,昆明,21,4
2,2018-02-20,济南,4,1
2,2018-02-20,西安,9,2
2,2018-02-20,贵阳,10,4
2,2018-02-20,运城,10,0
2,2018-02-20,郑州,6,1
2,2018-02-20,重庆,16,10
2,2018-02-21,北京,8,-6
2,2018-02-21,呼和浩特,0,-15
2,2018-02-21,恩施,9,7
2,2018-02-21,成都,11,7
2,2018-02-21,昆明,21,6
2,2018-02-21,济南,8,0
2,2018-02-21,西安,8,1
2,2018-02-21,贵阳,6,2
2,2018-02-21,运城,8,0
2,2018-02-21,郑州,10,0
2,2018-02-21,重庆,11,9
2,2018-02-22,北京,9,-4
2,2018-02-22,呼和浩特,1,-13
2,2018-02-22,恩施,10,5
2,2018-02-22,成都,14,6
2,2018-02-22,昆明,21,4
2,2018-02-22,济南,11,1
2,2018-02-22,西安,14,0
2,2018-02-22,贵阳,4,1
2,2018-02-22,运城,13,-2
2,2018-02-22,郑州,15,0
2,2018-02-22,重庆,10,8
2,2018-02-23,北京,11,-4
2,2018-02-23,呼和浩特,2,-10
2,2018-02-23,恩施,7,3
2,2018-02-23,成都,11,4
2,2018-02-23,昆明,20,3
2,2018-02-23,济南,17,6
2,2018-02-23,西安,15,0
2,2018-02-23,贵阳,15,2
2,2018-02-23,运城,19,-1
2,2018-02-23,郑州,19,1
2,2018-02-23,重庆,15,7
2,2018-02-24,北京,2,-3
2,2018-02-24,呼和浩特,2,-10
2,2018-02-24,恩施,9,5
2,2018-02-24,成都,19,4
2,2018-02-24,昆明,19,4
2,2018-02-24,济南,3,-2
2,2018-02-24,西安,15,5
2,2018-02-24,贵阳,12,6
2,2018-02-24,运城,14,1
2,2018-02-24,郑州,10,1
2,2018-02-24,重庆,15,11
2,2018-02-25,北京,6,-6
2,2018-02-25,呼和浩特,7,-9
2,2018-02-25,恩施,18,5
2,2018-02-25,成都,20,8
2,2018-02-25,昆明,21,3
2,2018-02-25,济南,11,-2
2,2018-02-25,西安,14,1
2,2018-02-25,贵阳,16,6
2,2018-02-25,运城,18,-1
2,2018-02-25,郑州,13,-3
2,2018-02-25,重庆,19,8
2,2018-02-26,北京,10,-3
2,2018-02-26,呼和浩特,11,-4
2,2018-02-26,恩施,17,4
2,2018-02-26,成都,16,11
2,2018-02-26,昆明,21,6
2,2018-02-26,济南,16,6
2,2018-02-26,西安,16,4
2,2018-02-26,贵阳,11,5
2,2018-02-26,运城,19,1
2,2018-02-26,郑州,20,1
2,2018-02-26,重庆,16,10
2,2018-02-27,北京,5,0
2,2018-02-27,呼和浩特,9,-4
2,2018-02-27,恩施,11,10
2,2018-02-27,成都,20,10
2,2018-02-27,昆明,20,9
2,2018-02-27,济南,15,3
2,2018-02-27,西安,14,9
2,2018-02-27,贵阳,20,9
2,2018-02-27,运城,15,8
2,2018-02-27,郑州,13,5
2,2018-02-27,重庆,16,12
2,2018-02-28,北京,6,0
2,2018-02-28,呼和浩特,6,-7
2,2018-02-28,恩施,17,10
2,2018-02-28,成都,22,6
2,2018-02-28,昆明,24,7
2,2018-02-28,济南,12,1
2,2018-02-28,西安,22,3
2,2018-02-28,贵阳,19,8
2,2018-02-28,运城,20,2
2,2018-02-28,郑州,17,3
2,2018-02-28,重庆,20,9
3,2018-03-01,北京,8,0
3,2018-03-01,呼和浩特,1,-10
3,2018-03-01,恩施,11,10
3,2018-03-01,成都,24,10
3,2018-03-01,昆明,23,7
3,2018-03-01,济南,8,2
3,2018-03-01,西安,16,8
3,2018-03-01,贵阳,20,14
3,2018-03-01,运城,13,7
3,2018-03-01,郑州,12,6
3,2018-03-01,重庆,24,14
3,2018-03-02,北京,9,-1
3,2018-03-02,呼和浩特,11,-6
3,2018-03-02,恩施,11,10
3,2018-03-02,成都,23,12
3,2018-03-02,昆明,22,6
3,2018-03-02,济南,14,4
3,2018-03-02,西安,14,6
3,2018-03-02,贵阳,23,14
3,2018-03-02,运城,20,1
3,2018-03-02,郑州,13,3
3,2018-03-02,重庆,21,14
3,2018-03-03,北京,11,1
3,2018-03-03,呼和浩特,12,0
3,2018-03-03,恩施,13,8
3,2018-03-03,成都,23,11
3,2018-03-03,昆明,22,7
3,2018-03-03,济南,15,9
3,2018-03-03,西安,19,4
3,2018-03-03,贵阳,27,15
3,2018-03-03,运城,22,3
3,2018-03-03,郑州,16,5
3,2018-03-03,重庆,24,14
3,2018-03-04,北京,8,0
3,2018-03-04,呼和浩特,8,-2
3,2018-03-04,恩施,19,12
3,2018-03-04,成都,17,12
3,2018-03-04,昆明,21,8
3,2018-03-04,济南,11,0
3,2018-03-04,西安,14,6
3,2018-03-04,贵阳,26,16
3,2018-03-04,运城,13,7
3,2018-03-04,郑州,12,5
3,2018-03-04,重庆,21,14
3,2018-03-05,北京,7,-3
3,2018-03-05,呼和浩特,9,-8
3,2018-03-05,恩施,14,10
3,2018-03-05,成都,16,10
3,2018-03-05,昆明,24,9
3,2018-03-05,济南,6,-2
3,2018-03-05,西安,9,4
3,2018-03-05,贵阳,16,6
3,2018-03-05,运城,12,6
3,2018-03-05,郑州,7,2
3,2018-03-05,重庆,15,12
3,2018-03-06,北京,4,-4
3,2018-03-06,呼和浩特,9,-4
3,2018-03-06,恩施,10,7
3,2018-03-06,成都,14,10
3,2018-03-06,昆明,22,9
3,2018-03-06,济南,8,0
3,2018-03-06,西安,7,4
3,2018-03-06,贵阳,6,4
3,2018-03-06,运城,7,4
3,2018-03-06,郑州,8,3
3,2018-03-06,重庆,12,11
3,2018-03-07,北京,3,-3
3,2018-03-07,呼和浩特,2,-6
3,2018-03-07,恩施,13,3
3,2018-03-07,成都,19,9
3,2018-03-07,昆明,22,8
3,2018-03-07,济南,11,1
3,2018-03-07,西安,12,3
3,2018-03-07,贵阳,9,5
3,2018-03-07,运城,9,2
3,2018-03-07,郑州,9,3
3,2018-03-07,重庆,15,10
3,2018-03-08,北京,6,-4
3,2018-03-08,呼和浩特,3,-11
3,2018-03-08,恩施,18,6
3,2018-03-08,成都,22,7
3,2018-03-08,昆明,16,7
3,2018-03-08,济南,5,-1
3,2018-03-08,西安,14,3
3,2018-03-08,贵阳,15,6
3,2018-03-08,运城,14,-1
3,2018-03-08,郑州,9,2
3,2018-03-08,重庆,21,10
3,2018-03-09,北京,9,-4
3,2018-03-09,呼和浩特,10,-6
3,2018-03-09,恩施,21,5
3,2018-03-09,成都,24,7
3,2018-03-09,昆明,16,7
3,2018-03-09,济南,11,-2
3,2018-03-09,西安,16,3
3,2018-03-09,贵阳,19,4
3,2018-03-09,运城,18,0
3,2018-03-09,郑州,13,0
3,2018-03-09,重庆,24,9
3,2018-03-10,北京,12,0
3,2018-03-10,呼和浩特,13,-1
3,2018-03-10,恩施,22,6
3,2018-03-10,成都,21,13
3,2018-03-10,昆明,17,9
3,2018-03-10,济南,16,8
3,2018-03-10,西安,17,4
3,2018-03-10,贵阳,18,8
3,2018-03-10,运城,22,2
3,2018-03-10,郑州,19,2
3,2018-03-10,重庆,20,12
3,2018-03-11,北京,8,-4
3,2018-03-11,呼和浩特,17,-5
3,2018-03-11,恩施,19,8
3,2018-03-11,成都,23,11
3,2018-03-11,昆明,21,4
3,2018-03-11,济南,20,6
3,2018-03-11,西安,20,7
3,2018-03-11,贵阳,19,9
3,2018-03-11,运城,20,7
3,2018-03-11,郑州,20,5
3,2018-03-11,重庆,20,12
3,2018-03-12,北京,12,-3
3,2018-03-12,呼和浩特,17,-2
3,2018-03-12,恩施,23,4
3,2018-03-12,成都,22,12
3,2018-03-12,昆明,20,6
3,2018-03-12,济南,22,11
3,2018-03-12,西安,23,7
3,2018-03-12,贵阳,15,11
3,2018-03-12,运城,24,7
3,2018-03-12,郑州,23,6
3,2018-03-12,重庆,18,10
3,2018-03-13,北京,19,2
3,2018-03-13,呼和浩特,19,2
3,2018-03-13,恩施,21,11
3,2018-03-13,成都,24,13
3,2018-03-13,昆明,20,7
3,2018-03-13,济南,25,17
3,2018-03-13,西安,25,8
3,2018-03-13,贵阳,18,11
3,2018-03-13,运城,26,7
3,2018-03-13,郑州,26,9
3,2018-03-13,重庆,19,13
3,2018-03-14,北京,18,7
3,2018-03-14,呼和浩特,20,0
3,2018-03-14,恩施,23,14
3,2018-03-14,成都,27,11
3,2018-03-14,昆明,22,6
3,2018-03-14,济南,26,19
3,2018-03-14,西安,26,9
3,2018-03-14,贵阳,20,10
3,2018-03-14,运城,28,8
3,2018-03-14,郑州,24,12
3,2018-03-14,重庆,24,13
3,2018-03-15,北京,14,2
3,2018-03-15,呼和浩特,5,-5
3,2018-03-15,恩施,28,12
3,2018-03-15,成都,28,12
3,2018-03-15,昆明,22,5
3,2018-03-15,济南,19,0
3,2018-03-15,西安,24,9
3,2018-03-15,贵阳,24,12
3,2018-03-15,运城,24,8
3,2018-03-15,郑州,16,7
3,2018-03-15,重庆,25,13
3,2018-03-16,北京,9,-1
3,2018-03-16,呼和浩特,11,-6
3,2018-03-16,恩施,22,14
3,2018-03-16,成都,24,16
3,2018-03-16,昆明,20,8
3,2018-03-16,济南,10,-1
3,2018-03-16,西安,15,7
3,2018-03-16,贵阳,18,14
3,2018-03-16,运城,12,5
3,2018-03-16,郑州,9,3
3,2018-03-16,重庆,28,14
3,2018-03-17,北京,2,0
3,2018-03-17,呼和浩特,6,0
3,2018-03-17,恩施,16,12
3,2018-03-17,成都,18,15
3,2018-03-17,昆明,20,9
3,2018-03-17,济南,11,2
3,2018-03-17,西安,8,3
3,2018-03-17,贵阳,23,14
3,2018-03-17,运城,7,3
3,2018-03-17,郑州,8,3
3,2018-03-17,重庆,25,18
3,2018-03-18,北京,12,0
3,2018-03-18,呼和浩特,13,-1
3,2018-03-18,恩施,12,11
3,2018-03-18,成都,20,13
3,2018-03-18,昆明,21,9
3,2018-03-18,济南,5,1
3,2018-03-18,西安,9,4
3,2018-03-18,贵阳,25,12
3,2018-03-18,运城,9,3
3,2018-03-18,郑州,7,3
3,2018-03-18,重庆,18,13
3,2018-03-19,北京,14,1
3,2018-03-19,呼和浩特,12,1
3,2018-03-19,恩施,11,10
3,2018-03-19,成都,24,12
3,2018-03-19,昆明,19,8
3,2018-03-19,济南,10,2
3,2018-03-19,西安,12,7
3,2018-03-19,贵阳,13,8
3,2018-03-19,运城,13,6
3,2018-03-19,郑州,11,5
3,2018-03-19,重庆,18,12
3,2018-03-20,北京,10,2
3,2018-03-20,呼和浩特,10,0
3,2018-03-20,恩施,16,9
3,2018-03-20,成都,19,9
3,2018-03-20,昆明,23,4
3,2018-03-20,济南,5,1
3,2018-03-20,西安,13,6
3,2018-03-20,贵阳,16,6
3,2018-03-20,运城,15,7
3,2018-03-20,郑州,11,6
3,2018-03-20,重庆,21,11
3,2018-03-21,北京,10,0
3,2018-03-21,呼和浩特,8,1
3,2018-03-21,恩施,18,10
3,2018-03-21,成都,19,10
3,2018-03-21,昆明,22,7
3,2018-03-21,济南,11,0
3,2018-03-21,西安,20,4
3,2018-03-21,贵阳,12,5
3,2018-03-21,运城,16,5
3,2018-03-21,郑州,13,4
3,2018-03-21,重庆,21,13
3,2018-03-22,北京,18,0
3,2018-03-22,呼和浩特,11,0
3,2018-03-22,恩施,24,8
3,2018-03-22,成都,25,8
3,2018-03-22,昆明,21,10
3,2018-03-22,济南,15,3
3,2018-03-22,西安,22,7
3,2018-03-22,贵阳,16,4
3,2018-03-22,运城,20,4
3,2018-03-22,郑州,21,3
3,2018-03-22,重庆,24,12
3,2018-03-23,北京,21,6
3,2018-03-23,呼和浩特,14,3
3,2018-03-23,恩施,24,9
3,2018-03-23,成都,20,13
3,2018-03-23,昆明,23,11
3,2018-03-23,济南,21,9
3,2018-03-23,西安,20,7
3,2018-03-23,贵阳,18,10
3,2018-03-23,运城,23,7
3,2018-03-23,郑州,24,6
3,2018-03-23,重庆,18,15
3,2018-03-24,北京,23,4
3,2018-03-24,呼和浩特,14,0
3,2018-03-24,恩施,14,13
3,2018-03-24,成都,16,13
3,2018-03-24,昆明,22,11
3,2018-03-24,济南,23,10
3,2018-03-24,西安,20,10
3,2018-03-24,贵阳,14,11
3,2018-03-24,运城,23,9
3,2018-03-24,郑州,21,11
3,2018-03-24,重庆,16,14
3,2018-03-25,北京,27,6
3,2018-03-25,呼和浩特,18,1
3,2018-03-25,恩施,16,12
3,2018-03-25,成都,24,10
3,2018-03-25,昆明,22,7
3,2018-03-25,济南,23,12
3,2018-03-25,西安,21,12
3,2018-03-25,贵阳,16,11
3,2018-03-25,运城,24,8
3,2018-03-25,郑州,24,8
3,2018-03-25,重庆,20,14
3,2018-03-26,北京,24,11
3,2018-03-26,呼和浩特,18,3
3,2018-03-26,恩施,23,11
3,2018-03-26,成都,24,12
3,2018-03-26,昆明,22,13
3,2018-03-26,济南,26,16
3,2018-03-26,西安,26,11
3,2018-03-26,贵阳,17,11
3,2018-03-26,运城,25,10
3,2018-03-26,郑州,26,10
3,2018-03-26,重庆,22,14
3,2018-03-27,北京,25,10
3,2018-03-27,呼和浩特,20,6
3,2018-03-27,恩施,27,11
3,2018-03-27,成都,25,13
3,2018-03-27,昆明,20,11
3,2018-03-27,济南,27,18
3,2018-03-27,西安,29,11
3,2018-03-27,贵阳,17,11
3,2018-03-27,运城,29,9
3,2018-03-27,郑州,31,12
3,2018-03-27,重庆,18,15
3,2018-03-28,北京,22,15
3,2018-03-28,呼和浩特,21,9
3,2018-03-28,恩施,22,12
3,2018-03-28,成都,25,11
3,2018-03-28,昆明,16,9
3,2018-03-28,济南,29,16
3,2018-03-28,西安,29,12
3,2018-03-28,贵阳,14,12
3,2018-03-28,运城,32,10
3,2018-03-28,郑州,30,13
3,2018-03-28,重庆,16,15
3,2018-03-29,北京,19,10
3,2018-03-29,呼和浩特,22,7
3,2018-03-29,恩施,19,14
3,2018-03-29,成都,25,12
3,2018-03-29,昆明,22,7
3,2018-03-29,济南,20,12
3,2018-03-29,西安,27,14
3,2018-03-29,贵阳,21,12
3,2018-03-29,运城,26,16
3,2018-03-29,郑州,20,14
3,2018-03-29,重庆,22,15
3,2018-03-30,北京,18,7
3,2018-03-30,呼和浩特,20,9
3,2018-03-30,恩施,19,15
3,2018-03-30,成都,20,14
3,2018-03-30,昆明,23,7
3,2018-03-30,济南,23,11
3,2018-03-30,西安,22,13
3,2018-03-30,贵阳,20,12
3,2018-03-30,运城,24,13
3,2018-03-30,郑州,21,11
3,2018-03-30,重庆,22,15
3,2018-03-31,北京,23,10
3,2018-03-31,呼和浩特,20,6
3,2018-03-31,恩施,22,14
3,2018-03-31,成都,18,15
3,2018-03-31,昆明,24,11
3,2018-03-31,济南,25,15
3,2018-03-31,西安,24,15
3,2018-03-31,贵阳,21,14
3,2018-03-31,运城,27,10
3,2018-03-31,郑州,26,11
3,2018-03-31,重庆,19,17
4,2018-04-01,北京,27,10
4,2018-04-01,呼和浩特,21,2
4,2018-04-01,恩施,22,16
4,2018-04-01,成都,27,12
4,2018-04-01,昆明,24,9
4,2018-04-01,济南,28,16
4,2018-04-01,西安,28,18
4,2018-04-01,贵阳,18,13
4,2018-04-01,运城,28,13
4,2018-04-01,郑州,29,14
4,2018-04-01,重庆,24,17
4,2018-04-02,北京,24,12
4,2018-04-02,呼和浩特,18,6
4,2018-04-02,恩施,28,15
4,2018-04-02,成都,30,12
4,2018-04-02,昆明,25,8
4,2018-04-02,济南,30,21
4,2018-04-02,西安,29,12
4,2018-04-02,贵阳,25,13
4,2018-04-02,运城,31,11
4,2018-04-02,郑州,31,14
4,2018-04-02,重庆,29,15
4,2018-04-03,北京,18,2
4,2018-04-03,呼和浩特,6,-1
4,2018-04-03,恩施,32,13
4,2018-04-03,成都,32,13
4,2018-04-03,昆明,26,13
4,2018-04-03,济南,23,4
4,2018-04-03,西安,29,13
4,2018-04-03,贵阳,24,13
4,2018-04-03,运城,29,13
4,2018-04-03,郑州,22,9
4,2018-04-03,重庆,32,15
4,2018-04-04,北京,9,0
4,2018-04-04,呼和浩特,5,-3
4,2018-04-04,恩施,28,15
4,2018-04-04,成都,32,15
4,2018-04-04,昆明,24,14
4,2018-04-04,济南,7,3
4,2018-04-04,西安,18,8
4,2018-04-04,贵阳,22,17
4,2018-04-04,运城,12,4
4,2018-04-04,郑州,9,3
4,2018-04-04,重庆,30,19
4,2018-04-05,北京,8,0
4,2018-04-05,呼和浩特,3,-3
4,2018-04-05,恩施,20,11
4,2018-04-05,成都,23,14
4,2018-04-05,昆明,23,13
4,2018-04-05,济南,5,0
4,2018-04-05,西安,15,7
4,2018-04-05,贵阳,26,8
4,2018-04-05,运城,14,5
4,2018-04-05,郑州,9,3
4,2018-04-05,重庆,23,13
4,2018-04-06,北京,8,5
4,2018-04-06,呼和浩特,0,-7
4,2018-04-06,恩施,19,10
4,2018-04-06,成都,14,9
4,2018-04-06,昆明,14,6
4,2018-04-06,济南,10,3
4,2018-04-06,西安,14,6
4,2018-04-06,贵阳,9,6
4,2018-04-06,运城,13,6
4,2018-04-06,郑州,14,5
4,2018-04-06,重庆,18,11
4,2018-04-07,北京,12,3
4,2018-04-07,呼和浩特,13,-6
4,2018-04-07,恩施,23,9
4,2018-04-07,成都,22,9
4,2018-04-07,昆明,12,4
4,2018-04-07,济南,14,1
4,2018-04-07,西安,20,3
4,2018-04-07,贵阳,15,6
4,2018-04-07,运城,19,0
4,2018-04-07,郑州,20,2
4,2018-04-07,重庆,22,12
4,2018-04-08,北京,19,3
4,2018-04-08,呼和浩特,17,2
4,2018-04-08,恩施,27,10
4,2018-04-08,成都,25,13
4,2018-04-08,昆明,20,8
4,2018-04-08,济南,20,12
4,2018-04-08,西安,27,9
4,2018-04-08,贵阳,20,9
4,2018-04-08,运城,26,1
4,2018-04-08,郑州,28,7
4,2018-04-08,重庆,25,14
4,2018-04-09,北京,19,6
4,2018-04-09,呼和浩特,20,3
4,2018-04-09,恩施,29,11
4,2018-04-09,成都,27,12
4,2018-04-09,昆明,23,10
4,2018-04-09,济南,27,15
4,2018-04-09,西安,28,10
4,2018-04-09,贵阳,23,10
4,2018-04-09,运城,31,8
4,2018-04-09,郑州,27,11
4,2018-04-09,重庆,29,14
4,2018-04-10,北京,24,10
4,2018-04-10,呼和浩特,13,5
4,2018-04-10,恩施,29,13
4,2018-04-10,成都,29,14
4,2018-04-10,昆明,25,13
4,2018-04-10,济南,23,18
4,2018-04-10,西安,27,14
4,2018-04-10,贵阳,22,13
4,2018-04-10,运城,27,12
4,2018-04-10,郑州,28,16
4,2018-04-10,重庆,29,18
4,2018-04-11,北京,25,8
4,2018-04-11,呼和浩特,17,1
4,2018-04-11,恩施,25,19
4,2018-04-11,成都,30,19
4,2018-04-11,昆明,24,12
4,2018-04-11,济南,25,15
4,2018-04-11,西安,20,17
4,2018-04-11,贵阳,21,15
4,2018-04-11,运城,24,11
4,2018-04-11,郑州,24,17
4,2018-04-11,重庆,28,21
4,2018-04-12,北京,22,11
4,2018-04-12,呼和浩特,21,4
4,2018-04-12,恩施,24,17
4,2018-04-12,成都,25,19
4,2018-04-12,昆明,24,13
4,2018-04-12,济南,23,14
4,2018-04-12,西安,15,12
4,2018-04-12,贵阳,27,17
4,2018-04-12,运城,15,11
4,2018-04-12,郑州,20,12
4,2018-04-12,重庆,26,21
4,2018-04-13,北京,14,9
4,2018-04-13,呼和浩特,12,4
4,2018-04-13,恩施,20,11
4,2018-04-13,成都,20,14
4,2018-04-13,昆明,27,14
4,2018-04-13,济南,14,7
4,2018-04-13,西安,11,9
4,2018-04-13,贵阳,30,15
4,2018-04-13,运城,12,9
4,2018-04-13,郑州,12,9
4,2018-04-13,重庆,22,13
4,2018-04-14,北京,18,9
4,2018-04-14,呼和浩特,10,0
4,2018-04-14,恩施,14,12
4,2018-04-14,成都,16,12
4,2018-04-14,昆明,25,14
4,2018-04-14,济南,15,6
4,2018-04-14,西安,16,9
4,2018-04-14,贵阳,14,8
4,2018-04-14,运城,16,8
4,2018-04-14,郑州,19,7
4,2018-04-14,重庆,13,11
4,2018-04-15,北京,21,6
4,2018-04-15,呼和浩特,15,0
4,2018-04-15,恩施,13,11
4,2018-04-15,成都,21,8
4,2018-04-15,昆明,23,9
4,2018-04-15,济南,20,7
4,2018-04-15,西安,20,6
4,2018-04-15,贵阳,12,7
4,2018-04-15,运城,20,5
4,2018-04-15,郑州,21,8
4,2018-04-15,重庆,19,12
4,2018-04-16,北京,23,7
4,2018-04-16,呼和浩特,17,0
4,2018-04-16,恩施,23,10
4,2018-04-16,成都,26,8
4,2018-04-16,昆明,20,10
4,2018-04-16,济南,22,9
4,2018-04-16,西安,22,7
4,2018-04-16,贵阳,22,8
4,2018-04-16,运城,24,7
4,2018-04-16,郑州,22,7
4,2018-04-16,重庆,23,12
4,2018-04-17,北京,23,12
4,2018-04-17,呼和浩特,22,6
4,2018-04-17,恩施,29,11
4,2018-04-17,成都,28,11
4,2018-04-17,昆明,22,10
4,2018-04-17,济南,23,14
4,2018-04-17,西安,27,9
4,2018-04-17,贵阳,24,10
4,2018-04-17,运城,27,11
4,2018-04-17,郑州,24,11
4,2018-04-17,重庆,29,14
4,2018-04-18,北京,25,15
4,2018-04-18,呼和浩特,27,9
4,2018-04-18,恩施,31,12
4,2018-04-18,成都,31,13
4,2018-04-18,昆明,22,10
4,2018-04-18,济南,28,18
4,2018-04-18,西安,28,12
4,2018-04-18,贵阳,25,12
4,2018-04-18,运城,31,13
4,2018-04-18,郑州,26,12
4,2018-04-18,重庆,32,17
4,2018-04-19,北京,28,16
4,2018-04-19,呼和浩特,29,13
4,2018-04-19,恩施,30,13
4,2018-04-19,成都,31,17
4,2018-04-19,昆明,19,12
4,2018-04-19,济南,31,22
4,2018-04-19,西安,35,15
4,2018-04-19,贵阳,19,15
4,2018-04-19,运城,32,17
4,2018-04-19,郑州,29,18
4,2018-04-19,重庆,32,19
4,2018-04-20,北京,29,14
4,2018-04-20,呼和浩特,22,11
4,2018-04-20,恩施,21,18
4,2018-04-20,成都,27,18
4,2018-04-20,昆明,23,11
4,2018-04-20,济南,32,21
4,2018-04-20,西安,26,17
4,2018-04-20,贵阳,23,16
4,2018-04-20,运城,27,19
4,2018-04-20,郑州,29,16
4,2018-04-20,重庆,27,21
4,2018-04-21,北京,20,12
4,2018-04-21,呼和浩特,19,10
4,2018-04-21,恩施,27,18
4,2018-04-21,成都,26,19
4,2018-04-21,昆明,24,11
4,2018-04-21,济南,30,15
4,2018-04-21,西安,26,16
4,2018-04-21,贵阳,26,17
4,2018-04-21,运城,23,17
4,2018-04-21,郑州,23,20
4,2018-04-21,重庆,27,19
4,2018-04-22,北京,14,10
4,2018-04-22,呼和浩特,20,10
4,2018-04-22,恩施,25,20
4,2018-04-22,成都,30,19
4,2018-04-22,昆明,27,13
4,2018-04-22,济南,13,7
4,2018-04-22,西安,22,17
4,2018-04-22,贵阳,27,19
4,2018-04-22,运城,19,14
4,2018-04-22,郑州,18,12
4,2018-04-22,重庆,26,20
4,2018-04-23,北京,19,10
4,2018-04-23,呼和浩特,16,5
4,2018-04-23,恩施,27,19
4,2018-04-23,成都,25,18
4,2018-04-23,昆明,29,14
4,2018-04-23,济南,14,8
4,2018-04-23,西安,20,15
4,2018-04-23,贵阳,25,17
4,2018-04-23,运城,22,13
4,2018-04-23,郑州,19,12
4,2018-04-23,重庆,24,20
4,2018-04-24,北京,23,9
4,2018-04-24,呼和浩特,15,4
4,2018-04-24,恩施,20,12
4,2018-04-24,成都,20,15
4,2018-04-24,昆明,28,9
4,2018-04-24,济南,20,10
4,2018-04-24,西安,17,13
4,2018-04-24,贵阳,18,12
4,2018-04-24,运城,18,12
4,2018-04-24,郑州,19,13
4,2018-04-24,重庆,21,18
4,2018-04-25,北京,25,8
4,2018-04-25,呼和浩特,18,3
4,2018-04-25,恩施,16,14
4,2018-04-25,成都,23,14
4,2018-04-25,昆明,27,16
4,2018-04-25,济南,24,10
4,2018-04-25,西安,17,12
4,2018-04-25,贵阳,14,10
4,2018-04-25,运城,17,12
4,2018-04-25,郑州,20,14
4,2018-04-25,重庆,19,17
4,2018-04-26,北京,27,13
4,2018-04-26,呼和浩特,24,7
4,2018-04-26,恩施,24,15
4,2018-04-26,成都,28,15
4,2018-04-26,昆明,23,15
4,2018-04-26,济南,25,15
4,2018-04-26,西安,28,10
4,2018-04-26,贵阳,16,12
4,2018-04-26,运城,25,9
4,2018-04-26,郑州,28,13
4,2018-04-26,重庆,26,17
4,2018-04-27,北京,25,13
4,2018-04-27,呼和浩特,25,8
4,2018-04-27,恩施,28,15
4,2018-04-27,成都,27,16
4,2018-04-27,昆明,16,12
4,2018-04-27,济南,27,17
4,2018-04-27,西安,29,12
4,2018-04-27,贵阳,20,13
4,2018-04-27,运城,29,11
4,2018-04-27,郑州,28,14
4,2018-04-27,重庆,27,18
4,2018-04-28,北京,28,13
4,2018-04-28,呼和浩特,26,10
4,2018-04-28,恩施,26,15
4,2018-04-28,成都,27,16
4,2018-04-28,昆明,19,13
4,2018-04-28,济南,29,19
4,2018-04-28,西安,26,17
4,2018-04-28,贵阳,21,14
4,2018-04-28,运城,29,16
4,2018-04-28,郑州,29,15
4,2018-04-28,重庆,29,19
4,2018-04-29,北京,27,16
4,2018-04-29,呼和浩特,22,12
4,2018-04-29,恩施,31,18
4,2018-04-29,成都,31,15
4,2018-04-29,昆明,21,12
4,2018-04-29,济南,29,22
4,2018-04-29,西安,30,14
4,2018-04-29,贵阳,23,17
4,2018-04-29,运城,29,14
4,2018-04-29,郑州,32,19
4,2018-04-29,重庆,30,21
4,2018-04-30,北京,22,17
4,2018-04-30,呼和浩特,22,8
4,2018-04-30,恩施,30,18
4,2018-04-30,成都,29,19
4,2018-04-30,昆明,23,13
4,2018-04-30,济南,28,19
4,2018-04-30,西安,27,18
4,2018-04-30,贵阳,25,17
4,2018-04-30,运城,29,16
4,2018-04-30,郑州,28,17
4,2018-04-30,重庆,31,20
5,2018-05-01,北京,22,14
5,2018-05-01,呼和浩特,13,6
5,2018-05-01,恩施,25,19
5,2018-05-01,成都,25,19
5,2018-05-01,昆明,25,13
5,2018-05-01,济南,21,13
5,2018-05-01,西安,30,20
5,2018-05-01,贵阳,27,15
5,2018-05-01,运城,28,17
5,2018-05-01,郑州,24,19
5,2018-05-01,重庆,27,22
5,2018-05-02,北京,23,14
5,2018-05-02,呼和浩特,16,3
5,2018-05-02,恩施,26,18
5,2018-05-02,成都,30,18
5,2018-05-02,昆明,22,11
5,2018-05-02,济南,20,11
5,2018-05-02,西安,26,17
5,2018-05-02,贵阳,18,16
5,2018-05-02,运城,25,12
5,2018-05-02,郑州,22,15
5,2018-05-02,重庆,26,19
5,2018-05-03,北京,23,14
5,2018-05-03,呼和浩特,21,6
5,2018-05-03,恩施,26,18
5,2018-05-03,成都,28,16
5,2018-05-03,昆明,16,14
5,2018-05-03,济南,22,15
5,2018-05-03,西安,28,15
5,2018-05-03,贵阳,16,15
5,2018-05-03,运城,29,9
5,2018-05-03,郑州,29,14
5,2018-05-03,重庆,25,20
5,2018-05-04,北京,28,12
5,2018-05-04,呼和浩特,28,8
5,2018-05-04,恩施,19,14
5,2018-05-04,成都,27,19
5,2018-05-04,昆明,25,15
5,2018-05-04,济南,28,17
5,2018-05-04,西安,26,17
5,2018-05-04,贵阳,20,15
5,2018-05-04,运城,28,18
5,2018-05-04,郑州,27,13
5,2018-05-04,重庆,28,19
5,2018-05-05,北京,25,17
5,2018-05-05,呼和浩特,23,13
5,2018-05-05,恩施,19,16
5,2018-05-05,成都,23,19
5,2018-05-05,昆明,21,14
5,2018-05-05,济南,21,16
5,2018-05-05,西安,23,13
5,2018-05-05,贵阳,23,19
5,2018-05-05,运城,28,15
5,2018-05-05,郑州,25,17
5,2018-05-05,重庆,26,20
5,2018-05-06,北京,27,13
5,2018-05-06,呼和浩特,23,8
5,2018-05-06,恩施,21,18
5,2018-05-06,成都,28,17
5,2018-05-06,昆明,24,14
5,2018-05-06,济南,22,15
5,2018-05-06,西安,15,13
5,2018-05-06,贵阳,25,17
5,2018-05-06,运城,16,14
5,2018-05-06,郑州,22,19
5,2018-05-06,重庆,24,15
5,2018-05-07,北京,26,17
5,2018-05-07,呼和浩特,26,8
5,2018-05-07,恩施,27,17
5,2018-05-07,成都,28,14
5,2018-05-07,昆明,24,12
5,2018-05-07,济南,27,15
5,2018-05-07,西安,23,11
5,2018-05-07,贵阳,22,14
5,2018-05-07,运城,22,11
5,2018-05-07,郑州,28,15
5,2018-05-07,重庆,28,18
5,2018-05-08,北京,25,12
5,2018-05-08,呼和浩特,24,11
5,2018-05-08,恩施,24,18
5,2018-05-08,成都,22,17
5,2018-05-08,昆明,24,14
5,2018-05-08,济南,25,17
5,2018-05-08,西安,19,14
5,2018-05-08,贵阳,17,14
5,2018-05-08,运城,24,12
5,2018-05-08,郑州,27,15
5,2018-05-08,重庆,29,19
5,2018-05-09,北京,26,13
5,2018-05-09,呼和浩特,23,11
5,2018-05-09,恩施,24,14
5,2018-05-09,成都,18,15
5,2018-05-09,昆明,25,14
5,2018-05-09,济南,27,14
5,2018-05-09,西安,21,15
5,2018-05-09,贵阳,15,13
5,2018-05-09,运城,25,15
5,2018-05-09,郑州,28,16
5,2018-05-09,重庆,22,18
5,2018-05-10,北京,26,17
5,2018-05-10,呼和浩特,20,13
5,2018-05-10,恩施,19,12
5,2018-05-10,成都,19,16
5,2018-05-10,昆明,29,17
5,2018-05-10,济南,27,16
5,2018-05-10,西安,20,15
5,2018-05-10,贵阳,18,15
5,2018-05-10,运城,26,16
5,2018-05-10,郑州,26,18
5,2018-05-10,重庆,21,17
5,2018-05-11,北京,22,18
5,2018-05-11,呼和浩特,21,11
5,2018-05-11,恩施,23,13
5,2018-05-11,成都,27,17
5,2018-05-11,昆明,25,9
5,2018-05-11,济南,20,17
5,2018-05-11,西安,25,14
5,2018-05-11,贵阳,20,15
5,2018-05-11,运城,22,16
5,2018-05-11,郑州,25,16
5,2018-05-11,重庆,22,18
5,2018-05-12,北京,25,16
5,2018-05-12,呼和浩特,19,8
5,2018-05-12,恩施,30,18
5,2018-05-12,成都,29,17
5,2018-05-12,昆明,22,14
5,2018-05-12,济南,26,15
5,2018-05-12,西安,32,15
5,2018-05-12,贵阳,23,15
5,2018-05-12,运城,29,13
5,2018-05-12,郑州,31,17
5,2018-05-12,重庆,29,19
5,2018-05-13,北京,28,14
5,2018-05-13,呼和浩特,27,7
5,2018-05-13,恩施,32,16
5,2018-05-13,成都,29,15
5,2018-05-13,昆明,20,14
5,2018-05-13,济南,31,20
5,2018-05-13,西安,34,16
5,2018-05-13,贵阳,26,15
5,2018-05-13,运城,35,14
5,2018-05-13,郑州,34,19
5,2018-05-13,重庆,33,19
5,2018-05-14,北京,32,19
5,2018-05-14,呼和浩特,32,15
5,2018-05-14,恩施,32,18
5,2018-05-14,成都,32,16
5,2018-05-14,昆明,23,12
5,2018-05-14,济南,32,25
5,2018-05-14,西安,33,19
5,2018-05-14,贵阳,27,18
5,2018-05-14,运城,33,21
5,2018-05-14,郑州,31,23
5,2018-05-14,重庆,34,21
5,2018-05-15,北京,29,20
5,2018-05-15,呼和浩特,31,15
5,2018-05-15,恩施,31,20
5,2018-05-15,成都,34,18
5,2018-05-15,昆明,24,13
5,2018-05-15,济南,32,21
5,2018-05-15,西安,34,22
5,2018-05-15,贵阳,27,19
5,2018-05-15,运城,33,22
5,2018-05-15,郑州,33,22
5,2018-05-15,重庆,36,22
5,2018-05-16,北京,29,20
5,2018-05-16,呼和浩特,30,19
5,2018-05-16,恩施,31,21
5,2018-05-16,成都,35,20
5,2018-05-16,昆明,27,15
5,2018-05-16,济南,24,21
5,2018-05-16,西安,35,21
5,2018-05-16,贵阳,28,19
5,2018-05-16,运城,34,21
5,2018-05-16,郑州,30,21
5,2018-05-16,重庆,37,24
5,2018-05-17,北京,24,21
5,2018-05-17,呼和浩特,26,15
5,2018-05-17,恩施,35,22
5,2018-05-17,成都,28,20
5,2018-05-17,昆明,26,15
5,2018-05-17,济南,22,17
5,2018-05-17,西安,27,23
5,2018-05-17,贵阳,29,21
5,2018-05-17,运城,29,20
5,2018-05-17,郑州,28,24
5,2018-05-17,重庆,34,22
5,2018-05-18,北京,28,20
5,2018-05-18,呼和浩特,25,12
5,2018-05-18,恩施,27,18
5,2018-05-18,成都,30,20
5,2018-05-18,昆明,27,14
5,2018-05-18,济南,28,16
5,2018-05-18,西安,31,20
5,2018-05-18,贵阳,29,17
5,2018-05-18,运城,30,18
5,2018-05-18,郑州,23,22
5,2018-05-18,重庆,29,21
5,2018-05-19,北京,28,17
5,2018-05-19,呼和浩特,18,12
5,2018-05-19,恩施,28,19
5,2018-05-19,成都,30,23
5,2018-05-19,昆明,28,16
5,2018-05-19,济南,28,17
5,2018-05-19,西安,23,20
5,2018-05-19,贵阳,29,20
5,2018-05-19,运城,22,18
5,2018-05-19,郑州,22,17
5,2018-05-19,重庆,31,22
5,2018-05-20,北京,18,16
5,2018-05-20,呼和浩特,18,12
5,2018-05-20,恩施,29,18
5,2018-05-20,成都,32,22
5,2018-05-20,昆明,27,16
5,2018-05-20,济南,22,14
5,2018-05-20,西安,20,16
5,2018-05-20,贵阳,28,21
5,2018-05-20,运城,20,17
5,2018-05-20,郑州,19,15
5,2018-05-20,重庆,32,22
5,2018-05-21,北京,18,15
5,2018-05-21,呼和浩特,18,9
5,2018-05-21,恩施,28,19
5,2018-05-21,成都,30,23
5,2018-05-21,昆明,27,17
5,2018-05-21,济南,17,14
5,2018-05-21,西安,19,12
5,2018-05-21,贵阳,29,22
5,2018-05-21,运城,19,15
5,2018-05-21,郑州,18,15
5,2018-05-21,重庆,36,26
5,2018-05-22,北京,26,15
5,2018-05-22,呼和浩特,17,7
5,2018-05-22,恩施,24,18
5,2018-05-22,成都,26,16
5,2018-05-22,昆明,27,16
5,2018-05-22,济南,22,14
5,2018-05-22,西安,24,12
5,2018-05-22,贵阳,26,14
5,2018-05-22,运城,24,13
5,2018-05-22,郑州,26,15
5,2018-05-22,重庆,28,16
5,2018-05-23,北京,31,9
5,2018-05-23,呼和浩特,25,3
5,2018-05-23,恩施,22,17
5,2018-05-23,成都,26,16
5,2018-05-23,昆明,21,16
5,2018-05-23,济南,27,16
5,2018-05-23,西安,24,13
5,2018-05-23,贵阳,21,13
5,2018-05-23,运城,27,10
5,2018-05-23,郑州,28,13
5,2018-05-23,重庆,25,17
5,2018-05-24,北京,33,14
5,2018-05-24,呼和浩特,26,9
5,2018-05-24,恩施,20,18
5,2018-05-24,成都,28,19
5,2018-05-24,昆明,26,17
5,2018-05-24,济南,26,21
5,2018-05-24,西安,29,19
5,2018-05-24,贵阳,28,19
5,2018-05-24,运城,28,18
5,2018-05-24,郑州,24,20
5,2018-05-24,重庆,22,19
5,2018-05-25,北京,31,18
5,2018-05-25,呼和浩特,29,12
5,2018-05-25,恩施,22,19
5,2018-05-25,成都,31,21
5,2018-05-25,昆明,27,17
5,2018-05-25,济南,27,19
5,2018-05-25,西安,30,21
5,2018-05-25,贵阳,28,20
5,2018-05-25,运城,29,17
5,2018-05-25,郑州,27,20
5,2018-05-25,重庆,27,20
5,2018-05-26,北京,30,20
5,2018-05-26,呼和浩特,22,11
5,2018-05-26,恩施,22,18
5,2018-05-26,成都,25,19
5,2018-05-26,昆明,26,16
5,2018-05-26,济南,30,18
5,2018-05-26,西安,24,14
5,2018-05-26,贵阳,23,18
5,2018-05-26,运城,24,16
5,2018-05-26,郑州,30,18
5,2018-05-26,重庆,24,17
5,2018-05-27,北京,32,16
5,2018-05-27,呼和浩特,25,7
5,2018-05-27,恩施,22,18
5,2018-05-27,成都,30,18
5,2018-05-27,昆明,18,14
5,2018-05-27,济南,31,22
5,2018-05-27,西安,28,16
5,2018-05-27,贵阳,16,13
5,2018-05-27,运城,28,15
5,2018-05-27,郑州,31,22
5,2018-05-27,重庆,23,17
5,2018-05-28,北京,28,18
5,2018-05-28,呼和浩特,21,11
5,2018-05-28,恩施,24,18
5,2018-05-28,成都,28,20
5,2018-05-28,昆明,20,14
5,2018-05-28,济南,32,24
5,2018-05-28,西安,28,15
5,2018-05-28,贵阳,25,14
5,2018-05-28,运城,28,13
5,2018-05-28,郑州,33,18
5,2018-05-28,重庆,26,19
5,2018-05-29,北京,31,13
5,2018-05-29,呼和浩特,23,9
5,2018-05-29,恩施,25,19
5,2018-05-29,成都,29,21
5,2018-05-29,昆明,19,16
5,2018-05-29,济南,30,20
5,2018-05-29,西安,32,18
5,2018-05-29,贵阳,23,18
5,2018-05-29,运城,30,16
5,2018-05-29,郑州,28,20
5,2018-05-29,重庆,24,21
5,2018-05-30,北京,33,17
5,2018-05-30,呼和浩特,28,13
5,2018-05-30,恩施,19,15
5,2018-05-30,成都,26,20
5,2018-05-30,昆明,20,16
5,2018-05-30,济南,31,18
5,2018-05-30,西安,28,19
5,2018-05-30,贵阳,24,14
5,2018-05-30,运城,29,18
5,2018-05-30,郑州,30,18
5,2018-05-30,重庆,23,20
5,2018-05-31,北京,34,18
5,2018-05-31,呼和浩特,28,13
5,2018-05-31,恩施,19,16
5,2018-05-31,成都,29,18
5,2018-05-31,昆明,22,16
5,2018-05-31,济南,33,21
5,2018-05-31,西安,31,16
5,2018-05-31,贵阳,18,15
5,2018-05-31,运城,32,15
5,2018-05-31,郑州,32,18
5,2018-05-31,重庆,23,19
6,2018-06-01,北京,35,19
6,2018-06-01,呼和浩特,27,16
6,2018-06-01,恩施,20,14
6,2018-06-01,成都,24,19
6,2018-06-01,昆明,25,14
6,2018-06-01,济南,34,20
6,2018-06-01,西安,27,18
6,2018-06-01,贵阳,19,14
6,2018-06-01,运城,28,18
6,2018-06-01,郑州,32,19
6,2018-06-01,重庆,23,20
6,2018-06-02,北京,34,21
6,2018-06-02,呼和浩特,30,13
6,2018-06-02,恩施,24,17
6,2018-06-02,成都,26,19
6,2018-06-02,昆明,26,16
6,2018-06-02,济南,32,23
6,2018-06-02,西安,30,18
6,2018-06-02,贵阳,19,15
6,2018-06-02,运城,30,19
6,2018-06-02,郑州,30,24
6,2018-06-02,重庆,27,20
6,2018-06-03,北京,29,21
6,2018-06-03,呼和浩特,22,12
6,2018-06-03,恩施,28,19
6,2018-06-03,成都,23,19
6,2018-06-03,昆明,22,16
6,2018-06-03,济南,32,23
6,2018-06-03,西安,30,19
6,2018-06-03,贵阳,20,16
6,2018-06-03,运城,30,15
6,2018-06-03,郑州,33,18
6,2018-06-03,重庆,26,20
6,2018-06-04,北京,34,17
6,2018-06-04,呼和浩特,30,7
6,2018-06-04,恩施,27,16
6,2018-06-04,成都,30,17
6,2018-06-04,昆明,18,15
6,2018-06-04,济南,33,24
6,2018-06-04,西安,33,16
6,2018-06-04,贵阳,17,15
6,2018-06-04,运城,32,17
6,2018-06-04,郑州,33,22
6,2018-06-04,重庆,26,20
6,2018-06-05,北京,38,21
6,2018-06-05,呼和浩特,31,12
6,2018-06-05,恩施,31,18
6,2018-06-05,成都,33,17
6,2018-06-05,昆明,23,13
6,2018-06-05,济南,36,26
6,2018-06-05,西安,36,17
6,2018-06-05,贵阳,23,15
6,2018-06-05,运城,35,15
6,2018-06-05,郑州,36,18
6,2018-06-05,重庆,32,21
6,2018-06-06,北京,32,23
6,2018-06-06,呼和浩特,27,17
6,2018-06-06,恩施,34,18
6,2018-06-06,成都,34,18
6,2018-06-06,昆明,27,15
6,2018-06-06,济南,35,26
6,2018-06-06,西安,38,20
6,2018-06-06,贵阳,28,14
6,2018-06-06,运城,38,17
6,2018-06-06,郑州,36,24
6,2018-06-06,重庆,34,22
6,2018-06-07,北京,31,22
6,2018-06-07,呼和浩特,24,13
6,2018-06-07,恩施,35,19
6,2018-06-07,成都,34,21
6,2018-06-07,昆明,26,15
6,2018-06-07,济南,34,26
6,2018-06-07,西安,31,22
6,2018-06-07,贵阳,28,15
6,2018-06-07,运城,33,22
6,2018-06-07,郑州,35,26
6,2018-06-07,重庆,35,23
6,2018-06-08,北京,31,19
6,2018-06-08,呼和浩特,24,14
6,2018-06-08,恩施,32,21
6,2018-06-08,成都,26,18
6,2018-06-08,昆明,26,16
6,2018-06-08,济南,33,24
6,2018-06-08,西安,22,16
6,2018-06-08,贵阳,29,16
6,2018-06-08,运城,24,16
6,2018-06-08,郑州,33,20
6,2018-06-08,重庆,27,21
6,2018-06-09,北京,24,17
6,2018-06-09,呼和浩特,24,10
6,2018-06-09,恩施,32,21
6,2018-06-09,成都,30,16
6,2018-06-09,昆明,20,15
6,2018-06-09,济南,22,17
6,2018-06-09,西安,27,15
6,2018-06-09,贵阳,26,17
6,2018-06-09,运城,27,16
6,2018-06-09,郑州,23,18
6,2018-06-09,重庆,30,19
6,2018-06-10,北京,25,16
6,2018-06-10,呼和浩特,26,11
6,2018-06-10,恩施,33,21
6,2018-06-10,成都,31,17
6,2018-06-10,昆明,20,17
6,2018-06-10,济南,22,16
6,2018-06-10,西安,34,17
6,2018-06-10,贵阳,24,17
6,2018-06-10,运城,30,13
6,2018-06-10,郑州,30,16
6,2018-06-10,重庆,32,24
6,2018-06-11,北京,26,17
6,2018-06-11,呼和浩特,31,14
6,2018-06-11,恩施,29,20
6,2018-06-11,成都,22,20
6,2018-06-11,昆明,21,17
6,2018-06-11,济南,30,15
6,2018-06-11,西安,35,18
6,2018-06-11,贵阳,21,19
6,2018-06-11,运城,34,17
6,2018-06-11,郑州,36,20
6,2018-06-11,重庆,27,20
6,2018-06-12,北京,30,19
6,2018-06-12,呼和浩特,30,13
6,2018-06-12,恩施,31,20
6,2018-06-12,成都,28,19
6,2018-06-12,昆明,23,17
6,2018-06-12,济南,35,22
6,2018-06-12,西安,36,24
6,2018-06-12,贵阳,21,17
6,2018-06-12,运城,34,21
6,2018-06-12,郑州,37,22
6,2018-06-12,重庆,27,20
6,2018-06-13,北京,22,17
6,2018-06-13,呼和浩特,25,14
6,2018-06-13,恩施,32,19
6,2018-06-13,成都,30,21
6,2018-06-13,昆明,21,17
6,2018-06-13,济南,32,19
6,2018-06-13,西安,38,22
6,2018-06-13,贵阳,21,17
6,2018-06-13,运城,37,21
6,2018-06-13,郑州,37,22
6,2018-06-13,重庆,28,22
6,2018-06-14,北京,31,15
6,2018-06-14,呼和浩特,29,14
6,2018-06-14,恩施,29,21
6,2018-06-14,成都,28,21
6,2018-06-14,昆明,18,15
6,2018-06-14,济南,28,17
6,2018-06-14,西安,35,22
6,2018-06-14,贵阳,22,17
6,2018-06-14,运城,34,21
6,2018-06-14,郑州,33,24
6,2018-06-14,重庆,29,23
6,2018-06-15,北京,29,19
6,2018-06-15,呼和浩特,30,16
6,2018-06-15,恩施,31,22
6,2018-06-15,成都,22,18
6,2018-06-15,昆明,19,14
6,2018-06-15,济南,32,19
6,2018-06-15,西安,35,24
6,2018-06-15,贵阳,25,18
6,2018-06-15,运城,35,23
6,2018-06-15,郑州,35,23
6,2018-06-15,重庆,24,21
6,2018-06-16,北京,29,20
6,2018-06-16,呼和浩特,26,17
6,2018-06-16,恩施,30,22
6,2018-06-16,成都,25,19
6,2018-06-16,昆明,23,17
6,2018-06-16,济南,29,23
6,2018-06-16,西安,28,22
6,2018-06-16,贵阳,23,19
6,2018-06-16,运城,30,25
6,2018-06-16,郑州,31,26
6,2018-06-16,重庆,23,22
6,2018-06-17,北京,27,19
6,2018-06-17,呼和浩特,27,15
6,2018-06-17,恩施,28,23
6,2018-06-17,成都,24,20
6,2018-06-17,昆明,25,18
6,2018-06-17,济南,29,23
6,2018-06-17,西安,31,21
6,2018-06-17,贵阳,24,20
6,2018-06-17,运城,30,25
6,2018-06-17,郑州,30,25
6,2018-06-17,重庆,27,21
6,2018-06-18,北京,32,21
6,2018-06-18,呼和浩特,30,16
6,2018-06-18,恩施,29,24
6,2018-06-18,成都,30,21
6,2018-06-18,昆明,27,19
6,2018-06-18,济南,31,22
6,2018-06-18,西安,24,20
6,2018-06-18,贵阳,27,21
6,2018-06-18,运城,26,20
6,2018-06-18,郑州,28,21
6,2018-06-18,重庆,25,22
6,2018-06-19,北京,34,23
6,2018-06-19,呼和浩特,29,17
6,2018-06-19,恩施,29,23
6,2018-06-19,成都,30,23
6,2018-06-19,昆明,26,18
6,2018-06-19,济南,31,23
6,2018-06-19,西安,31,20
6,2018-06-19,贵阳,26,20
6,2018-06-19,运城,29,20
6,2018-06-19,郑州,30,21
6,2018-06-19,重庆,29,23
6,2018-06-20,北京,36,20
6,2018-06-20,呼和浩特,28,16
6,2018-06-20,恩施,24,22
6,2018-06-20,成都,31,23
6,2018-06-20,昆明,24,17
6,2018-06-20,济南,36,23
6,2018-06-20,西安,33,24
6,2018-06-20,贵阳,27,19
6,2018-06-20,运城,32,22
6,2018-06-20,郑州,33,21
6,2018-06-20,重庆,27,24
6,2018-06-21,北京,35,24
6,2018-06-21,呼和浩特,28,17
6,2018-06-21,恩施,22,21
6,2018-06-21,成都,25,22
6,2018-06-21,昆明,26,18
6,2018-06-21,济南,34,26
6,2018-06-21,西安,34,24
6,2018-06-21,贵阳,24,20
6,2018-06-21,运城,33,23
6,2018-06-21,郑州,33,22
6,2018-06-21,重庆,24,23
6,2018-06-22,北京,31,24
6,2018-06-22,呼和浩特,27,14
6,2018-06-22,恩施,28,21
6,2018-06-22,成都,31,22
6,2018-06-22,昆明,24,18
6,2018-06-22,济南,34,25
6,2018-06-22,西安,37,23
6,2018-06-22,贵阳,24,19
6,2018-06-22,运城,33,20
6,2018-06-22,郑州,32,23
6,2018-06-22,重庆,28,22
6,2018-06-23,北京,36,22
6,2018-06-23,呼和浩特,34,17
6,2018-06-23,恩施,30,23
6,2018-06-23,成都,30,23
6,2018-06-23,昆明,23,18
6,2018-06-23,济南,34,23
6,2018-06-23,西安,35,24
6,2018-06-23,贵阳,23,20
6,2018-06-23,运城,36,20
6,2018-06-23,郑州,33,24
6,2018-06-23,重庆,33,24
6,2018-06-24,北京,35,27
6,2018-06-24,呼和浩特,28,19
6,2018-06-24,恩施,31,22
6,2018-06-24,成都,31,24
6,2018-06-24,昆明,23,18
6,2018-06-24,济南,35,25
6,2018-06-24,西安,35,25
6,2018-06-24,贵阳,24,20
6,2018-06-24,运城,36,21
6,2018-06-24,郑州,34,24
6,2018-06-24,重庆,34,26
6,2018-06-25,北京,30,26
6,2018-06-25,呼和浩特,27,19
6,2018-06-25,恩施,31,26
6,2018-06-25,成都,31,25
6,2018-06-25,昆明,22,18
6,2018-06-25,济南,29,22
6,2018-06-25,西安,29,26
6,2018-06-25,贵阳,24,20
6,2018-06-25,运城,30,22
6,2018-06-25,郑州,34,25
6,2018-06-25,重庆,35,23
6,2018-06-26,北京,33,24
6,2018-06-26,呼和浩特,30,18
6,2018-06-26,恩施,31,25
6,2018-06-26,成都,30,25
6,2018-06-26,昆明,24,18
6,2018-06-26,济南,30,22
6,2018-06-26,西安,27,23
6,2018-06-26,贵阳,26,20
6,2018-06-26,运城,28,21
6,2018-06-26,郑州,26,24
6,2018-06-26,重庆,37,28
6,2018-06-27,北京,38,23
6,2018-06-27,呼和浩特,29,18
6,2018-06-27,恩施,33,25
6,2018-06-27,成都,30,23
6,2018-06-27,昆明,24,18
6,2018-06-27,济南,35,24
6,2018-06-27,西安,31,24
6,2018-06-27,贵阳,24,20
6,2018-06-27,运城,32,21
6,2018-06-27,郑州,37,23
6,2018-06-27,重庆,36,30
6,2018-06-28,北京,36,27
6,2018-06-28,呼和浩特,30,17
6,2018-06-28,恩施,35,24
6,2018-06-28,成都,32,23
6,2018-06-28,昆明,25,18
6,2018-06-28,济南,32,21
6,2018-06-28,西安,36,25
6,2018-06-28,贵阳,26,20
6,2018-06-28,运城,34,24
6,2018-06-28,郑州,35,28
6,2018-06-28,重庆,37,28
6,2018-06-29,北京,39,24
6,2018-06-29,呼和浩特,29,20
6,2018-06-29,恩施,34,25
6,2018-06-29,成都,30,25
6,2018-06-29,昆明,24,18
6,2018-06-29,济南,34,22
6,2018-06-29,西安,35,25
6,2018-06-29,贵阳,28,21
6,2018-06-29,运城,34,24
6,2018-06-29,郑州,35,23
6,2018-06-29,重庆,35,29
6,2018-06-30,北京,36,23
6,2018-06-30,呼和浩特,32,19
6,2018-06-30,恩施,30,24
6,2018-06-30,成都,30,23
6,2018-06-30,昆明,22,18
6,2018-06-30,济南,34,25
6,2018-06-30,西安,35,26
6,2018-06-30,贵阳,27,22
6,2018-06-30,运城,32,25
6,2018-06-30,郑州,32,25
6,2018-06-30,重庆,32,27
7,2018-07-01,北京,31,21
7,2018-07-01,呼和浩特,28,17
7,2018-07-01,恩施,27,24
7,2018-07-01,成都,30,24
7,2018-07-01,昆明,25,19
7,2018-07-01,济南,32,23
7,2018-07-01,西安,35,24
7,2018-07-01,贵阳,29,22
7,2018-07-01,运城,31,22
7,2018-07-01,郑州,34,23
7,2018-07-01,重庆,33,27
7,2018-07-02,北京,31,23
7,2018-07-02,呼和浩特,22,17
7,2018-07-02,恩施,30,23
7,2018-07-02,成都,27,21
7,2018-07-02,昆明,25,19
7,2018-07-02,济南,31,24
7,2018-07-02,西安,29,21
7,2018-07-02,贵阳,28,22
7,2018-07-02,运城,27,22
7,2018-07-02,郑州,30,26
7,2018-07-02,重庆,34,28
7,2018-07-03,北京,30,23
7,2018-07-03,呼和浩特,25,17
7,2018-07-03,恩施,28,24
7,2018-07-03,成都,27,21
7,2018-07-03,昆明,26,18
7,2018-07-03,济南,33,22
7,2018-07-03,西安,22,18
7,2018-07-03,贵阳,27,22
7,2018-07-03,运城,24,20
7,2018-07-03,郑州,34,25
7,2018-07-03,重庆,28,25
7,2018-07-04,北京,35,24
7,2018-07-04,呼和浩特,31,14
7,2018-07-04,恩施,27,22
7,2018-07-04,成都,30,22
7,2018-07-04,昆明,26,18
7,2018-07-04,济南,32,22
7,2018-07-04,西安,22,20
7,2018-07-04,贵阳,28,23
7,2018-07-04,运城,24,20
7,2018-07-04,郑州,29,22
7,2018-07-04,重庆,29,25
7,2018-07-05,北京,35,23
7,2018-07-05,呼和浩特,32,19
7,2018-07-05,恩施,30,22
7,2018-07-05,成都,31,23
7,2018-07-05,昆明,26,18
7,2018-07-05,济南,33,23
7,2018-07-05,西安,29,21
7,2018-07-05,贵阳,29,23
7,2018-07-05,运城,31,21
7,2018-07-05,郑州,32,21
7,2018-07-05,重庆,29,26
7,2018-07-06,北京,34,22
7,2018-07-06,呼和浩特,33,19
7,2018-07-06,恩施,25,23
7,2018-07-06,成都,30,24
7,2018-07-06,昆明,25,19
7,2018-07-06,济南,34,24
7,2018-07-06,西安,32,23
7,2018-07-06,贵阳,24,20
7,2018-07-06,运城,33,22
7,2018-07-06,郑州,33,24
7,2018-07-06,重庆,29,26
7,2018-07-07,北京,26,24
7,2018-07-07,呼和浩特,23,18
7,2018-07-07,恩施,33,23
7,2018-07-07,成都,30,23
7,2018-07-07,昆明,23,17
7,2018-07-07,济南,33,24
7,2018-07-07,西安,33,23
7,2018-07-07,贵阳,24,20
7,2018-07-07,运城,32,23
7,2018-07-07,郑州,33,26
7,2018-07-07,重庆,29,25
7,2018-07-08,北京,30,23
7,2018-07-08,呼和浩特,26,16
7,2018-07-08,恩施,29,25
7,2018-07-08,成都,24,22
7,2018-07-08,昆明,27,18
7,2018-07-08,济南,29,24
7,2018-07-08,西安,27,23
7,2018-07-08,贵阳,25,20
7,2018-07-08,运城,29,23
7,2018-07-08,郑州,31,25
7,2018-07-08,重庆,35,25
7,2018-07-09,北京,27,24
7,2018-07-09,呼和浩特,27,16
7,2018-07-09,恩施,30,24
7,2018-07-09,成都,24,22
7,2018-07-09,昆明,24,19
7,2018-07-09,济南,29,23
7,2018-07-09,西安,24,21
7,2018-07-09,贵阳,25,21
7,2018-07-09,运城,23,20
7,2018-07-09,郑州,29,24
7,2018-07-09,重庆,33,25
7,2018-07-10,北京,28,22
7,2018-07-10,呼和浩特,26,13
7,2018-07-10,恩施,34,22
7,2018-07-10,成都,26,22
7,2018-07-10,昆明,23,18
7,2018-07-10,济南,29,22
7,2018-07-10,西安,24,20
7,2018-07-10,贵阳,28,21
7,2018-07-10,运城,26,20
7,2018-07-10,郑州,26,23
7,2018-07-10,重庆,37,27
7,2018-07-11,北京,24,21
7,2018-07-11,呼和浩特,22,17
7,2018-07-11,恩施,36,24
7,2018-07-11,成都,23,20
7,2018-07-11,昆明,25,18
7,2018-07-11,济南,32,23
7,2018-07-11,西安,24,21
7,2018-07-11,贵阳,29,21
7,2018-07-11,运城,27,23
7,2018-07-11,郑州,30,23
7,2018-07-11,重庆,37,28
7,2018-07-12,北京,27,21
7,2018-07-12,呼和浩特,28,19
7,2018-07-12,恩施,35,24
7,2018-07-12,成都,25,20
7,2018-07-12,昆明,27,17
7,2018-07-12,济南,33,26
7,2018-07-12,西安,28,21
7,2018-07-12,贵阳,32,20
7,2018-07-12,运城,32,22
7,2018-07-12,郑州,31,24
7,2018-07-12,重庆,32,25
7,2018-07-13,北京,29,23
7,2018-07-13,呼和浩特,30,17
7,2018-07-13,恩施,28,24
7,2018-07-13,成都,30,22
7,2018-07-13,昆明,25,17
7,2018-07-13,济南,34,27
7,2018-07-13,西安,32,23
7,2018-07-13,贵阳,29,21
7,2018-07-13,运城,32,24
7,2018-07-13,郑州,30,25
7,2018-07-13,重庆,36,26
7,2018-07-14,北京,32,24
7,2018-07-14,呼和浩特,29,14
7,2018-07-14,恩施,34,24
7,2018-07-14,成都,33,23
7,2018-07-14,昆明,23,17
7,2018-07-14,济南,34,25
7,2018-07-14,西安,33,25
7,2018-07-14,贵阳,30,22
7,2018-07-14,运城,34,23
7,2018-07-14,郑州,33,26
7,2018-07-14,重庆,37,28
7,2018-07-15,北京,34,25
7,2018-07-15,呼和浩特,27,19
7,2018-07-15,恩施,33,25
7,2018-07-15,成都,29,23
7,2018-07-15,昆明,25,17
7,2018-07-15,济南,34,26
7,2018-07-15,西安,36,27
7,2018-07-15,贵阳,27,21
7,2018-07-15,运城,34,28
7,2018-07-15,郑州,35,27
7,2018-07-15,重庆,37,28
7,2018-07-16,北京,30,24
7,2018-07-16,呼和浩特,23,19
7,2018-07-16,恩施,36,24
7,2018-07-16,成都,29,22
7,2018-07-16,昆明,24,18
7,2018-07-16,济南,35,29
7,2018-07-16,西安,34,26
7,2018-07-16,贵阳,28,21
7,2018-07-16,运城,35,23
7,2018-07-16,郑州,36,26
7,2018-07-16,重庆,37,29
7,2018-07-17,北京,25,23
7,2018-07-17,呼和浩特,25,18
7,2018-07-17,恩施,36,25
7,2018-07-17,成都,29,23
7,2018-07-17,昆明,24,18
7,2018-07-17,济南,34,28
7,2018-07-17,西安,35,23
7,2018-07-17,贵阳,29,21
7,2018-07-17,运城,35,23
7,2018-07-17,郑州,35,26
7,2018-07-17,重庆,37,29
7,2018-07-18,北京,30,23
7,2018-07-18,呼和浩特,30,19
7,2018-07-18,恩施,37,25
7,2018-07-18,成都,33,23
7,2018-07-18,昆明,26,18
7,2018-07-18,济南,35,29
7,2018-07-18,西安,39,26
7,2018-07-18,贵阳,31,20
7,2018-07-18,运城,36,27
7,2018-07-18,郑州,37,29
7,2018-07-18,重庆,40,29
7,2018-07-19,北京,33,24
7,2018-07-19,呼和浩特,28,18
7,2018-07-19,恩施,37,26
7,2018-07-19,成都,34,26
7,2018-07-19,昆明,27,17
7,2018-07-19,济南,36,28
7,2018-07-19,西安,40,30
7,2018-07-19,贵阳,29,22
7,2018-07-19,运城,35,30
7,2018-07-19,郑州,37,29
7,2018-07-19,重庆,40,30
7,2018-07-20,北京,35,27
7,2018-07-20,呼和浩特,27,18
7,2018-07-20,恩施,37,26
7,2018-07-20,成都,35,25
7,2018-07-20,昆明,26,18
7,2018-07-20,济南,36,28
7,2018-07-20,西安,39,29
7,2018-07-20,贵阳,30,21
7,2018-07-20,运城,36,28
7,2018-07-20,郑州,37,29
7,2018-07-20,重庆,40,32
7,2018-07-21,北京,35,29
7,2018-07-21,呼和浩特,25,19
7,2018-07-21,恩施,38,26
7,2018-07-21,成都,35,24
7,2018-07-21,昆明,27,17
7,2018-07-21,济南,35,28
7,2018-07-21,西安,37,26
7,2018-07-21,贵阳,30,21
7,2018-07-21,运城,36,28
7,2018-07-21,郑州,38,28
7,2018-07-21,重庆,41,30
7,2018-07-22,北京,32,26
7,2018-07-22,呼和浩特,30,17
7,2018-07-22,恩施,37,26
7,2018-07-22,成都,35,25
7,2018-07-22,昆明,25,17
7,2018-07-22,济南,36,26
7,2018-07-22,西安,37,26
7,2018-07-22,贵阳,32,20
7,2018-07-22,运城,36,27
7,2018-07-22,郑州,35,28
7,2018-07-22,重庆,40,30
7,2018-07-23,北京,33,25
7,2018-07-23,呼和浩特,27,20
7,2018-07-23,恩施,37,26
7,2018-07-23,成都,34,24
7,2018-07-23,昆明,26,15
7,2018-07-23,济南,29,24
7,2018-07-23,西安,36,27
7,2018-07-23,贵阳,30,21
7,2018-07-23,运城,35,24
7,2018-07-23,郑州,36,29
7,2018-07-23,重庆,39,28
7,2018-07-24,北京,31,24
7,2018-07-24,呼和浩特,25,17
7,2018-07-24,恩施,37,25
7,2018-07-24,成都,35,22
7,2018-07-24,昆明,25,16
7,2018-07-24,济南,34,24
7,2018-07-24,西安,36,27
7,2018-07-24,贵阳,27,20
7,2018-07-24,运城,36,25
7,2018-07-24,郑州,37,28
7,2018-07-24,重庆,39,30
7,2018-07-25,北京,33,24
7,2018-07-25,呼和浩特,26,15
7,2018-07-25,恩施,35,26
7,2018-07-25,成都,35,23
7,2018-07-25,昆明,19,18
7,2018-07-25,济南,35,29
7,2018-07-25,西安,37,27
7,2018-07-25,贵阳,25,20
7,2018-07-25,运城,37,25
7,2018-07-25,郑州,39,28
7,2018-07-25,重庆,37,28
7,2018-07-26,北京,34,24
7,2018-07-26,呼和浩特,28,15
7,2018-07-26,恩施,33,25
7,2018-07-26,成都,33,25
7,2018-07-26,昆明,24,17
7,2018-07-26,济南,34,22
7,2018-07-26,西安,36,24
7,2018-07-26,贵阳,26,20
7,2018-07-26,运城,36,27
7,2018-07-26,郑州,34,26
7,2018-07-26,重庆,36,28
7,2018-07-27,北京,31,26
7,2018-07-27,呼和浩特,30,18
7,2018-07-27,恩施,36,25
7,2018-07-27,成都,29,22
7,2018-07-27,昆明,23,18
7,2018-07-27,济南,31,23
7,2018-07-27,西安,34,25
7,2018-07-27,贵阳,26,20
7,2018-07-27,运城,34,25
7,2018-07-27,郑州,32,25
7,2018-07-27,重庆,39,26
7,2018-07-28,北京,34,25
7,2018-07-28,呼和浩特,33,20
7,2018-07-28,恩施,35,25
7,2018-07-28,成都,32,23
7,2018-07-28,昆明,25,17
7,2018-07-28,济南,30,24
7,2018-07-28,西安,34,26
7,2018-07-28,贵阳,26,20
7,2018-07-28,运城,34,26
7,2018-07-28,郑州,32,26
7,2018-07-28,重庆,38,27
7,2018-07-29,北京,34,26
7,2018-07-29,呼和浩特,30,19
7,2018-07-29,恩施,31,25
7,2018-07-29,成都,31,22
7,2018-07-29,昆明,23,16
7,2018-07-29,济南,32,24
7,2018-07-29,西安,34,26
7,2018-07-29,贵阳,27,20
7,2018-07-29,运城,35,25
7,2018-07-29,郑州,33,27
7,2018-07-29,重庆,39,31
7,2018-07-30,北京,35,27
7,2018-07-30,呼和浩特,32,21
7,2018-07-30,恩施,31,23
7,2018-07-30,成都,30,23
7,2018-07-30,昆明,24,16
7,2018-07-30,济南,32,25
7,2018-07-30,西安,33,26
7,2018-07-30,贵阳,28,20
7,2018-07-30,运城,33,25
7,2018-07-30,郑州,31,26
7,2018-07-30,重庆,31,25
7,2018-07-31,北京,35,27
7,2018-07-31,呼和浩特,32,21
7,2018-07-31,恩施,34,22
7,2018-07-31,成都,30,22
7,2018-07-31,昆明,23,17
7,2018-07-31,济南,33,25
7,2018-07-31,西安,32,26
7,2018-07-31,贵阳,29,21
7,2018-07-31,运城,33,23
7,2018-07-31,郑州,33,25
7,2018-07-31,重庆,31,24
8,2017-08-09,北京,30,25
8,2017-08-09,呼和浩特,25,18
8,2017-08-09,恩施,34,26
8,2017-08-09,成都,35,26
8,2017-08-09,昆明,21,17
8,2017-08-09,济南,32,24
8,2017-08-09,西安,36,27
8,2017-08-09,贵阳,27,23
8,2017-08-09,运城,33,22
8,2017-08-09,郑州,37,27
8,2017-08-09,重庆,32,24
8,2017-08-10,北京,31,24
8,2017-08-10,呼和浩特,32,16
8,2017-08-10,恩施,32,23
8,2017-08-10,成都,33,23
8,2017-08-10,昆明,22,17
8,2017-08-10,济南,34,23
8,2017-08-10,西安,38,23
8,2017-08-10,贵阳,31,20
8,2017-08-10,运城,37,20
8,2017-08-10,郑州,36,24
8,2017-08-10,重庆,34,26
8,2017-08-11,北京,30,22
8,2017-08-11,呼和浩特,29,16
8,2017-08-11,恩施,30,23
8,2017-08-11,成都,28,23
8,2017-08-11,昆明,23,18
8,2017-08-11,济南,35,26
8,2017-08-11,西安,36,24
8,2017-08-11,贵阳,25,21
8,2017-08-11,运城,38,24
8,2017-08-11,郑州,35,26
8,2017-08-11,重庆,30,21
8,2017-08-12,北京,25,21
8,2017-08-12,呼和浩特,29,16
8,2017-08-12,恩施,26,21
8,2017-08-12,成都,30,20
8,2017-08-12,昆明,25,17
8,2017-08-12,济南,34,25
8,2017-08-12,西安,35,25
8,2017-08-12,贵阳,24,20
8,2017-08-12,运城,37,24
8,2017-08-12,郑州,35,24
8,2017-08-12,重庆,29,22
8,2017-08-13,北京,30,22
8,2017-08-13,呼和浩特,28,15
8,2017-08-13,恩施,29,23
8,2017-08-13,成都,35,21
8,2017-08-13,昆明,24,17
8,2017-08-13,济南,29,24
8,2017-08-13,西安,30,23
8,2017-08-13,贵阳,24,18
8,2017-08-13,运城,33,22
8,2017-08-13,郑州,31,23
8,2017-08-13,重庆,33,24
8,2017-08-14,北京,30,22
8,2017-08-14,呼和浩特,30,16
8,2017-08-14,恩施,30,23
8,2017-08-14,成都,32,23
8,2017-08-14,昆明,24,18
8,2017-08-14,济南,26,22
8,2017-08-14,西安,31,22
8,2017-08-14,贵阳,30,19
8,2017-08-14,运城,31,22
8,2017-08-14,郑州,32,25
8,2017-08-14,重庆,35,25
8,2017-08-15,北京,30,23
8,2017-08-15,呼和浩特,31,18
8,2017-08-15,恩施,31,23
8,2017-08-15,成都,31,24
8,2017-08-15,昆明,22,17
8,2017-08-15,济南,31,21
8,2017-08-15,西安,34,23
8,2017-08-15,贵阳,29,20
8,2017-08-15,运城,35,22
8,2017-08-15,郑州,33,24
8,2017-08-15,重庆,36,26
8,2017-08-16,北京,29,21
8,2017-08-16,呼和浩特,30,18
8,2017-08-16,恩施,33,23
8,2017-08-16,成都,31,23
8,2017-08-16,昆明,25,17
8,2017-08-16,济南,32,23
8,2017-08-16,西安,36,25
8,2017-08-16,贵阳,26,21
8,2017-08-16,运城,35,23
8,2017-08-16,郑州,34,26
8,2017-08-16,重庆,35,28
8,2017-08-17,北京,30,20
8,2017-08-17,呼和浩特,30,18
8,2017-08-17,恩施,33,23
8,2017-08-17,成都,29,23
8,2017-08-17,昆明,24,17
8,2017-08-17,济南,32,22
8,2017-08-17,西安,36,25
8,2017-08-17,贵阳,26,20
8,2017-08-17,运城,36,24
8,2017-08-17,郑州,34,26
8,2017-08-17,重庆,37,28
8,2017-08-18,北京,28,22
8,2017-08-18,呼和浩特,27,16
8,2017-08-18,恩施,32,24
8,2017-08-18,成都,28,23
8,2017-08-18,昆明,24,17
8,2017-08-18,济南,30,20
8,2017-08-18,西安,33,26
8,2017-08-18,贵阳,26,19
8,2017-08-18,运城,30,26
8,2017-08-18,郑州,32,25
8,2017-08-18,重庆,37,28
8,2017-08-19,北京,28,22
8,2017-08-19,呼和浩特,29,16
8,2017-08-19,恩施,31,24
8,2017-08-19,成都,31,23
8,2017-08-19,昆明,25,16
8,2017-08-19,济南,30,23
8,2017-08-19,西安,30,24
8,2017-08-19,贵阳,28,20
8,2017-08-19,运城,29,22
8,2017-08-19,郑州,27,24
8,2017-08-19,重庆,38,28
8,2017-08-20,北京,30,22
8,2017-08-20,呼和浩特,25,17
8,2017-08-20,恩施,35,24
8,2017-08-20,成都,30,23
8,2017-08-20,昆明,26,16
8,2017-08-20,济南,30,22
8,2017-08-20,西安,30,22
8,2017-08-20,贵阳,28,21
8,2017-08-20,运城,31,22
8,2017-08-20,郑州,31,24
8,2017-08-20,重庆,39,29
8,2017-08-21,北京,32,24
8,2017-08-21,呼和浩特,27,16
8,2017-08-21,恩施,36,25
8,2017-08-21,成都,29,23
8,2017-08-21,昆明,26,18
8,2017-08-21,济南,32,22
8,2017-08-21,西安,30,23
8,2017-08-21,贵阳,31,22
8,2017-08-21,运城,29,23
8,2017-08-21,郑州,32,23
8,2017-08-21,重庆,39,30
8,2017-08-22,北京,30,24
8,2017-08-22,呼和浩特,20,15
8,2017-08-22,恩施,36,25
8,2017-08-22,成都,33,24
8,2017-08-22,昆明,28,18
8,2017-08-22,济南,33,24
8,2017-08-22,西安,33,22
8,2017-08-22,贵阳,31,21
8,2017-08-22,运城,33,21
8,2017-08-22,郑州,32,25
8,2017-08-22,重庆,40,30
8,2017-08-23,北京,33,23
8,2017-08-23,呼和浩特,24,12
8,2017-08-23,恩施,37,27
8,2017-08-23,成都,34,26
8,2017-08-23,昆明,26,17
8,2017-08-23,济南,31,26
8,2017-08-23,西安,31,23
8,2017-08-23,贵阳,30,22
8,2017-08-23,运城,29,21
8,2017-08-23,郑州,33,27
8,2017-08-23,重庆,37,28
8,2017-08-24,北京,32,22
8,2017-08-24,呼和浩特,24,13
8,2017-08-24,恩施,33,26
8,2017-08-24,成都,31,25
8,2017-08-24,昆明,22,17
8,2017-08-24,济南,32,24
8,2017-08-24,西安,33,23
8,2017-08-24,贵阳,25,21
8,2017-08-24,运城,31,21
8,2017-08-24,郑州,35,27
8,2017-08-24,重庆,31,26
8,2017-08-25,北京,32,18
8,2017-08-25,呼和浩特,24,12
8,2017-08-25,恩施,27,23
8,2017-08-25,成都,24,22
8,2017-08-25,昆明,20,17
8,2017-08-25,济南,30,22
8,2017-08-25,西安,27,19
8,2017-08-25,贵阳,24,19
8,2017-08-25,运城,24,20
8,2017-08-25,郑州,30,23
8,2017-08-25,重庆,32,24
8,2017-08-26,北京,27,19
8,2017-08-26,呼和浩特,24,11
8,2017-08-26,恩施,33,24
8,2017-08-26,成都,28,22
8,2017-08-26,昆明,23,16
8,2017-08-26,济南,28,20
8,2017-08-26,西安,22,19
8,2017-08-26,贵阳,27,18
8,2017-08-26,运城,25,18
8,2017-08-26,郑州,26,22
8,2017-08-26,重庆,37,26
8,2017-08-27,北京,23,17
8,2017-08-27,呼和浩特,17,12
8,2017-08-27,恩施,34,24
8,2017-08-27,成都,32,23
8,2017-08-27,昆明,24,15
8,2017-08-27,济南,28,22
8,2017-08-27,西安,28,19
8,2017-08-27,贵阳,27,19
8,2017-08-27,运城,30,23
8,2017-08-27,郑州,29,22
8,2017-08-27,重庆,37,27
8,2017-08-28,北京,27,1
8,2017-08-28,呼和浩特,23,12
8,2017-08-28,恩施,31,24
8,2017-08-28,成都,33,24
8,2017-08-28,昆明,23,17
8,2017-08-28,济南,22,19
8,2017-08-28,西安,25,19
8,2017-08-28,贵阳,24,20
8,2017-08-28,运城,27,19
8,2017-08-28,郑州,25,21
8,2017-08-28,重庆,36,27
8,2017-08-29,北京,26,15
8,2017-08-29,呼和浩特,24,9
8,2017-08-29,恩施,30,24
8,2017-08-29,成都,24,20
8,2017-08-29,昆明,23,18
8,2017-08-29,济南,23,18
8,2017-08-29,西安,19,15
8,2017-08-29,贵阳,26,20
8,2017-08-29,运城,19,15
8,2017-08-29,郑州,22,16
8,2017-08-29,重庆,35,26
8,2017-08-30,北京,27,15
8,2017-08-30,呼和浩特,24,11
8,2017-08-30,恩施,29,24
8,2017-08-30,成都,25,21
8,2017-08-30,昆明,22,17
8,2017-08-30,济南,23,15
8,2017-08-30,西安,18,15
8,2017-08-30,贵阳,25,19
8,2017-08-30,运城,20,15
8,2017-08-30,郑州,20,15
8,2017-08-30,重庆,34,26
8,2017-08-31,北京,26,19
8,2017-08-31,呼和浩特,25,12
8,2017-08-31,恩施,29,23
8,2017-08-31,成都,22,20
8,2017-08-31,昆明,24,17
8,2017-08-31,济南,27,16
8,2017-08-31,西安,27,16
8,2017-08-31,贵阳,27,20
8,2017-08-31,运城,24,16
8,2017-08-31,郑州,25,18
8,2017-08-31,重庆,25,23
9,2017-09-01,北京,25,18
9,2017-09-01,呼和浩特,24,13
9,2017-09-01,恩施,23,21
9,2017-09-01,成都,23,19
9,2017-09-01,昆明,23,18
9,2017-09-01,济南,28,17
9,2017-09-01,西安,23,19
9,2017-09-01,贵阳,28,21
9,2017-09-01,运城,24,17
9,2017-09-01,郑州,26,20
9,2017-09-01,重庆,25,22
9,2017-09-02,北京,27,21
9,2017-09-02,呼和浩特,25,12
9,2017-09-02,恩施,22,20
9,2017-09-02,成都,30,20
9,2017-09-02,昆明,24,18
9,2017-09-02,济南,28,19
9,2017-09-02,西安,25,19
9,2017-09-02,贵阳,23,18
9,2017-09-02,运城,24,19
9,2017-09-02,郑州,25,19
9,2017-09-02,重庆,23,21
9,2017-09-03,北京,27,18
9,2017-09-03,呼和浩特,24,12
9,2017-09-03,恩施,21,20
9,2017-09-03,成都,26,21
9,2017-09-03,昆明,26,18
9,2017-09-03,济南,28,19
9,2017-09-03,西安,21,18
9,2017-09-03,贵阳,22,18
9,2017-09-03,运城,22,18
9,2017-09-03,郑州,24,19
9,2017-09-03,重庆,27,22
9,2017-09-04,北京,27,20
9,2017-09-04,呼和浩特,22,11
9,2017-09-04,恩施,24,20
9,2017-09-04,成都,24,21
9,2017-09-04,昆明,26,18
9,2017-09-04,济南,27,20
9,2017-09-04,西安,19,18
9,2017-09-04,贵阳,27,19
9,2017-09-04,运城,22,16
9,2017-09-04,郑州,23,20
9,2017-09-04,重庆,24,22
9,2017-09-05,北京,30,21
9,2017-09-05,呼和浩特,22,13
9,2017-09-05,恩施,25,22
9,2017-09-05,成都,26,21
9,2017-09-05,昆明,26,19
9,2017-09-05,济南,27,19
9,2017-09-05,西安,18,18
9,2017-09-05,贵阳,25,20
9,2017-09-05,运城,19,17
9,2017-09-05,郑州,25,20
9,2017-09-05,重庆,24,21
9,2017-09-06,北京,31,19
9,2017-09-06,呼和浩特,27,10
9,2017-09-06,恩施,24,21
9,2017-09-06,成都,32,19
9,2017-09-06,昆明,22,17
9,2017-09-06,济南,26,20
9,2017-09-06,西安,29,16
9,2017-09-06,贵阳,20,17
9,2017-09-06,运城,27,18
9,2017-09-06,郑州,30,20
9,2017-09-06,重庆,25,22
9,2017-09-07,北京,31,19
9,2017-09-07,呼和浩特,29,12
9,2017-09-07,恩施,32,21
9,2017-09-07,成都,31,18
9,2017-09-07,昆明,21,16
9,2017-09-07,济南,30,20
9,2017-09-07,西安,30,16
9,2017-09-07,贵阳,25,17
9,2017-09-07,运城,31,15
9,2017-09-07,郑州,34,18
9,2017-09-07,重庆,31,21
9,2017-09-08,北京,32,21
9,2017-09-08,呼和浩特,27,13
9,2017-09-08,恩施,29,22
9,2017-09-08,成都,30,21
9,2017-09-08,昆明,23,17
9,2017-09-08,济南,33,23
9,2017-09-08,西安,24,20
9,2017-09-08,贵阳,27,20
9,2017-09-08,运城,26,18
9,2017-09-08,郑州,30,18
9,2017-09-08,重庆,30,23
9,2017-09-09,北京,30,22
9,2017-09-09,呼和浩特,27,14
9,2017-09-09,恩施,27,23
9,2017-09-09,成都,27,22
9,2017-09-09,昆明,23,17
9,2017-09-09,济南,32,22
9,2017-09-09,西安,21,18
9,2017-09-09,贵阳,27,21
9,2017-09-09,运城,23,16
9,2017-09-09,郑州,26,18
9,2017-09-09,重庆,25,23
9,2017-09-10,北京,25,20
9,2017-09-10,呼和浩特,24,14
9,2017-09-10,恩施,25,21
9,2017-09-10,成都,33,21
9,2017-09-10,昆明,20,15
9,2017-09-10,济南,25,20
9,2017-09-10,西安,26,18
9,2017-09-10,贵阳,22,18
9,2017-09-10,运城,24,17
9,2017-09-10,郑州,23,17
9,2017-09-10,重庆,28,22
9,2017-09-11,北京,28,18
9,2017-09-11,呼和浩特,24,11
9,2017-09-11,恩施,30,19
9,2017-09-11,成都,33,17
9,2017-09-11,昆明,23,15
9,2017-09-11,济南,28,17
9,2017-09-11,西安,29,15
9,2017-09-11,贵阳,22,18
9,2017-09-11,运城,29,15
9,2017-09-11,郑州,29,17
9,2017-09-11,重庆,30,20
9,2017-09-12,北京,28,16
9,2017-09-12,呼和浩特,26,11
9,2017-09-12,恩施,31,20
9,2017-09-12,成都,32,19
9,2017-09-12,昆明,24,14
9,2017-09-12,济南,31,18
9,2017-09-12,西安,29,17
9,2017-09-12,贵阳,23,17
9,2017-09-12,运城,30,18
9,2017-09-12,郑州,31,18
9,2017-09-12,重庆,32,21
9,2017-09-13,北京,28,19
9,2017-09-13,呼和浩特,24,14
9,2017-09-13,恩施,30,22
9,2017-09-13,成都,26,23
9,2017-09-13,昆明,25,17
9,2017-09-13,济南,31,22
9,2017-09-13,西安,30,21
9,2017-09-13,贵阳,25,16
9,2017-09-13,运城,28,15
9,2017-09-13,郑州,29,18
9,2017-09-13,重庆,32,22
9,2017-09-14,北京,29,20
9,2017-09-14,呼和浩特,19,15
9,2017-09-14,恩施,29,22
9,2017-09-14,成都,23,20
9,2017-09-14,昆明,24,18
9,2017-09-14,济南,31,18
9,2017-09-14,西安,28,20
9,2017-09-14,贵阳,24,18
9,2017-09-14,运城,27,19
9,2017-09-14,郑州,28,19
9,2017-09-14,重庆,32,23
9,2017-09-15,北京,28,21
9,2017-09-15,呼和浩特,22,15
9,2017-09-15,恩施,26,20
9,2017-09-15,成都,22,20
9,2017-09-15,昆明,23,17
9,2017-09-15,济南,30,20
9,2017-09-15,西安,26,21
9,2017-09-15,贵阳,24,18
9,2017-09-15,运城,28,19
9,2017-09-15,郑州,28,17
9,2017-09-15,重庆,32,24
9,2017-09-16,北京,28,19
9,2017-09-16,呼和浩特,23,13
9,2017-09-16,恩施,31,21
9,2017-09-16,成都,25,21
9,2017-09-16,昆明,20,17
9,2017-09-16,济南,26,20
9,2017-09-16,西安,22,18
9,2017-09-16,贵阳,26,17
9,2017-09-16,运城,26,19
9,2017-09-16,郑州,28,20
9,2017-09-16,重庆,33,24
9,2017-09-17,北京,28,18
9,2017-09-17,呼和浩特,22,9
9,2017-09-17,恩施,29,22
9,2017-09-17,成都,23,20
9,2017-09-17,昆明,24,16
9,2017-09-17,济南,29,18
9,2017-09-17,西安,26,17
9,2017-09-17,贵阳,29,19
9,2017-09-17,运城,27,18
9,2017-09-17,郑州,30,18
9,2017-09-17,重庆,31,25
9,2017-09-18,北京,30,14
9,2017-09-18,呼和浩特,27,8
9,2017-09-18,恩施,24,22
9,2017-09-18,成都,27,21
9,2017-09-18,昆明,26,16
9,2017-09-18,济南,30,20
9,2017-09-18,西安,28,20
9,2017-09-18,贵阳,29,21
9,2017-09-18,运城,29,17
9,2017-09-18,郑州,32,19
9,2017-09-18,重庆,27,23
9,2017-09-19,北京,30,17
9,2017-09-19,呼和浩特,24,11
9,2017-09-19,恩施,23,19
9,2017-09-19,成都,28,20
9,2017-09-19,昆明,26,17
9,2017-09-19,济南,31,22
9,2017-09-19,西安,26,21
9,2017-09-19,贵阳,28,20
9,2017-09-19,运城,27,19
9,2017-09-19,郑州,30,21
9,2017-09-19,重庆,24,21
9,2017-09-20,北京,28,15
9,2017-09-20,呼和浩特,26,8
9,2017-09-20,恩施,22,19
9,2017-09-20,成都,28,20
9,2017-09-20,昆明,26,16
9,2017-09-20,济南,30,18
9,2017-09-20,西安,30,18
9,2017-09-20,贵阳,21,18
9,2017-09-20,运城,30,17
9,2017-09-20,郑州,31,22
9,2017-09-20,重庆,24,20
9,2017-09-21,北京,28,16
9,2017-09-21,呼和浩特,26,12
9,2017-09-21,恩施,21,19
9,2017-09-21,成都,28,20
9,2017-09-21,昆明,20,16
9,2017-09-21,济南,30,21
9,2017-09-21,西安,30,19
9,2017-09-21,贵阳,23,17
9,2017-09-21,运城,31,17
9,2017-09-21,郑州,31,21
9,2017-09-21,重庆,25,21
9,2017-09-22,北京,27,17
9,2017-09-22,呼和浩特,19,5
9,2017-09-22,恩施,25,19
9,2017-09-22,成都,27,21
9,2017-09-22,昆明,21,16
9,2017-09-22,济南,29,21
9,2017-09-22,西安,25,18
9,2017-09-22,贵阳,22,18
9,2017-09-22,运城,25,15
9,2017-09-22,郑州,30,18
9,2017-09-22,重庆,26,21
9,2017-09-23,北京,28,13
9,2017-09-23,呼和浩特,25,7
9,2017-09-23,恩施,21,20
9,2017-09-23,成都,25,20
9,2017-09-23,昆明,24,15
9,2017-09-23,济南,30,20
9,2017-09-23,西安,25,16
9,2017-09-23,贵阳,27,19
9,2017-09-23,运城,31,15
9,2017-09-23,郑州,31,20
9,2017-09-23,重庆,23,21
9,2017-09-24,北京,29,18
9,2017-09-24,呼和浩特,25,11
9,2017-09-24,恩施,23,20
9,2017-09-24,成都,25,21
9,2017-09-24,昆明,25,16
9,2017-09-24,济南,31,23
9,2017-09-24,西安,27,19
9,2017-09-24,贵阳,27,21
9,2017-09-24,运城,29,17
9,2017-09-24,郑州,26,19
9,2017-09-24,重庆,25,21
9,2017-09-25,北京,28,21
9,2017-09-25,呼和浩特,25,11
9,2017-09-25,恩施,31,22
9,2017-09-25,成都,25,21
9,2017-09-25,昆明,26,15
9,2017-09-25,济南,28,20
9,2017-09-25,西安,21,19
9,2017-09-25,贵阳,29,21
9,2017-09-25,运城,23,19
9,2017-09-25,郑州,22,20
9,2017-09-25,重庆,27,23
9,2017-09-26,北京,23,16
9,2017-09-26,呼和浩特,19,10
9,2017-09-26,恩施,30,23
9,2017-09-26,成都,26,22
9,2017-09-26,昆明,24,18
9,2017-09-26,济南,25,20
9,2017-09-26,西安,19,16
9,2017-09-26,贵阳,26,20
9,2017-09-26,运城,21,18
9,2017-09-26,郑州,22,20
9,2017-09-26,重庆,31,24
9,2017-09-27,北京,21,13
9,2017-09-27,呼和浩特,17,5
9,2017-09-27,恩施,27,20
9,2017-09-27,成都,25,20
9,2017-09-27,昆明,25,18
9,2017-09-27,济南,23,17
9,2017-09-27,西安,18,14
9,2017-09-27,贵阳,27,20
9,2017-09-27,运城,18,17
9,2017-09-27,郑州,21,17
9,2017-09-27,重庆,25,20
9,2017-09-28,北京,22,8
9,2017-09-28,呼和浩特,15,1
9,2017-09-28,恩施,24,19
9,2017-09-28,成都,26,18
9,2017-09-28,昆明,24,14
9,2017-09-28,济南,23,14
9,2017-09-28,西安,23,12
9,2017-09-28,贵阳,20,16
9,2017-09-28,运城,24,13
9,2017-09-28,郑州,24,16
9,2017-09-28,重庆,22,20
9,2017-09-29,北京,26,9
9,2017-09-29,呼和浩特,21,3
9,2017-09-29,恩施,20,16
9,2017-09-29,成都,26,18
9,2017-09-29,昆明,23,16
9,2017-09-29,济南,27,16
9,2017-09-29,西安,24,17
9,2017-09-29,贵阳,24,17
9,2017-09-29,运城,26,16
9,2017-09-29,郑州,25,18
9,2017-09-29,重庆,21,19
9,2017-09-30,北京,24,14
9,2017-09-30,呼和浩特,23,6
9,2017-09-30,恩施,19,16
9,2017-09-30,成都,25,20
9,2017-09-30,昆明,25,16
9,2017-09-30,济南,29,19
9,2017-09-30,西安,20,16
9,2017-09-30,贵阳,26,20
9,2017-09-30,运城,23,14
9,2017-09-30,郑州,23,16
9,2017-09-30,重庆,23,19
10,2017-10-01,北京,26,16
10,2017-10-01,呼和浩特,18,9
10,2017-10-01,恩施,22,18
10,2017-10-01,成都,29,20
10,2017-10-01,昆明,25,17
10,2017-10-01,济南,24,19
10,2017-10-01,西安,20,16
10,2017-10-01,贵阳,26,21
10,2017-10-01,运城,20,15
10,2017-10-01,郑州,22,18
10,2017-10-01,重庆,24,21
10,2017-10-02,北京,20,12
10,2017-10-02,呼和浩特,14,7
10,2017-10-02,恩施,21,19
10,2017-10-02,成都,27,21
10,2017-10-02,昆明,21,15
10,2017-10-02,济南,22,15
10,2017-10-02,西安,20,15
10,2017-10-02,贵阳,27,21
10,2017-10-02,运城,23,16
10,2017-10-02,郑州,25,17
10,2017-10-02,重庆,26,21
10,2017-10-03,北京,20,11
10,2017-10-03,呼和浩特,15,3
10,2017-10-03,恩施,20,18
10,2017-10-03,成都,20,17
10,2017-10-03,昆明,24,16
10,2017-10-03,济南,15,13
10,2017-10-03,西安,13,11
10,2017-10-03,贵阳,27,20
10,2017-10-03,运城,16,11
10,2017-10-03,郑州,16,11
10,2017-10-03,重庆,22,18
10,2017-10-04,北京,22,8
10,2017-10-04,呼和浩特,15,3
10,2017-10-04,恩施,17,15
10,2017-10-04,成都,20,16
10,2017-10-04,昆明,24,16
10,2017-10-04,济南,18,11
10,2017-10-04,西安,12,10
10,2017-10-04,贵阳,27,20
10,2017-10-04,运城,13,9
10,2017-10-04,郑州,12,11
10,2017-10-04,重庆,18,16
10,2017-10-05,北京,20,9
10,2017-10-05,呼和浩特,14,8
10,2017-10-05,恩施,16,14
10,2017-10-05,成都,22,15
10,2017-10-05,昆明,25,16
10,2017-10-05,济南,19,10
10,2017-10-05,西安,14,10
10,2017-10-05,贵阳,27,19
10,2017-10-05,运城,17,10
10,2017-10-05,郑州,14,12
10,2017-10-05,重庆,19,16
10,2017-10-06,北京,22,11
10,2017-10-06,呼和浩特,14,6
10,2017-10-06,恩施,19,16
10,2017-10-06,成都,21,16
10,2017-10-06,昆明,24,15
10,2017-10-06,济南,23,11
10,2017-10-06,西安,18,12
10,2017-10-06,贵阳,27,20
10,2017-10-06,运城,19,13
10,2017-10-06,郑州,20,10
10,2017-10-06,重庆,20,18
10,2017-10-07,北京,17,12
10,2017-10-07,呼和浩特,20,6
10,2017-10-07,恩施,23,17
10,2017-10-07,成都,21,17
10,2017-10-07,昆明,24,15
10,2017-10-07,济南,20,13
10,2017-10-07,西安,19,14
10,2017-10-07,贵阳,25,19
10,2017-10-07,运城,22,15
10,2017-10-07,郑州,19,15
10,2017-10-07,重庆,24,19
10,2017-10-08,北京,16,14
10,2017-10-08,呼和浩特,16,10
10,2017-10-08,恩施,25,20
10,2017-10-08,成都,23,18
10,2017-10-08,昆明,22,16
10,2017-10-08,济南,19,16
10,2017-10-08,西安,16,15
10,2017-10-08,贵阳,25,19
10,2017-10-08,运城,23,16
10,2017-10-08,郑州,18,16
10,2017-10-08,重庆,27,20
10,2017-10-09,北京,14,10
10,2017-10-09,呼和浩特,8,2
10,2017-10-09,恩施,29,20
10,2017-10-09,成都,23,17
10,2017-10-09,昆明,23,14
10,2017-10-09,济南,21,15
10,2017-10-09,西安,15,10
10,2017-10-09,贵阳,28,19
10,2017-10-09,运城,17,11
10,2017-10-09,郑州,16,16
10,2017-10-09,重庆,30,22
10,2017-10-10,北京,11,9
10,2017-10-10,呼和浩特,7,3
10,2017-10-10,恩施,24,20
10,2017-10-10,成都,17,13
10,2017-10-10,昆明,21,13
10,2017-10-10,济南,14,9
10,2017-10-10,西安,10,6
10,2017-10-10,贵阳,23,19
10,2017-10-10,运城,11,7
10,2017-10-10,郑州,16,12
10,2017-10-10,重庆,23,14
10,2017-10-11,北京,15,6
10,2017-10-11,呼和浩特,8,1
10,2017-10-11,恩施,21,15
10,2017-10-11,成都,18,14
10,2017-10-11,昆明,20,16
10,2017-10-11,济南,14,7
10,2017-10-11,西安,9,7
10,2017-10-11,贵阳,17,13
10,2017-10-11,运城,10,8
10,2017-10-11,郑州,13,10
10,2017-10-11,重庆,16,14
10,2017-10-12,北京,14,8
10,2017-10-12,呼和浩特,10,1
10,2017-10-12,恩施,17,13
10,2017-10-12,成都,18,14
10,2017-10-12,昆明,20,13
10,2017-10-12,济南,17,10
10,2017-10-12,西安,17,7
10,2017-10-12,贵阳,15,12
10,2017-10-12,运城,14,9
10,2017-10-12,郑州,18,11
10,2017-10-12,重庆,17,15
10,2017-10-13,北京,19,5
10,2017-10-13,呼和浩特,12,-1
10,2017-10-13,恩施,15,14
10,2017-10-13,成都,17,15
10,2017-10-13,昆明,18,13
10,2017-10-13,济南,19,11
10,2017-10-13,西安,13,10
10,2017-10-13,贵阳,15,10
10,2017-10-13,运城,19,7
10,2017-10-13,郑州,17,10
10,2017-10-13,重庆,17,16
10,2017-10-14,北京,13,7
10,2017-10-14,呼和浩特,14,1
10,2017-10-14,恩施,15,14
10,2017-10-14,成都,20,15
10,2017-10-14,昆明,20,13
10,2017-10-14,济南,19,10
10,2017-10-14,西安,14,12
10,2017-10-14,贵阳,13,10
10,2017-10-14,运城,17,10
10,2017-10-14,郑州,17,10
10,2017-10-14,重庆,18,16
10,2017-10-15,北京,16,9
10,2017-10-15,呼和浩特,15,5
10,2017-10-15,恩施,16,13
10,2017-10-15,成都,18,15
10,2017-10-15,昆明,16,12
10,2017-10-15,济南,19,11
10,2017-10-15,西安,13,11
10,2017-10-15,贵阳,14,11
10,2017-10-15,运城,15,11
10,2017-10-15,郑州,16,13
10,2017-10-15,重庆,20,16
10,2017-10-16,北京,17,9
10,2017-10-16,呼和浩特,14,3
10,2017-10-16,恩施,17,13
10,2017-10-16,成都,20,14
10,2017-10-16,昆明,19,12
10,2017-10-16,济南,18,14
10,2017-10-16,西安,12,11
10,2017-10-16,贵阳,12,10
10,2017-10-16,运城,13,11
10,2017-10-16,郑州,15,13
10,2017-10-16,重庆,22,17
10,2017-10-17,北京,16,8
10,2017-10-17,呼和浩特,10,3
10,2017-10-17,恩施,16,12
10,2017-10-17,成都,18,15
10,2017-10-17,昆明,15,12
10,2017-10-17,济南,17,12
10,2017-10-17,西安,12,10
10,2017-10-17,贵阳,11,9
10,2017-10-17,运城,12,11
10,2017-10-17,郑州,14,12
10,2017-10-17,重庆,17,15
10,2017-10-18,北京,13,12
10,2017-10-18,呼和浩特,9,6
10,2017-10-18,恩施,18,13
10,2017-10-18,成都,20,14
10,2017-10-18,昆明,16,13
10,2017-10-18,济南,18,11
10,2017-10-18,西安,17,11
10,2017-10-18,贵阳,13,10
10,2017-10-18,运城,16,11
10,2017-10-18,郑州,17,11
10,2017-10-18,重庆,18,16
10,2017-10-19,北京,17,10
10,2017-10-19,呼和浩特,12,5
10,2017-10-19,恩施,20,15
10,2017-10-19,成都,21,14
10,2017-10-19,昆明,20,14
10,2017-10-19,济南,19,11
10,2017-10-19,西安,18,9
10,2017-10-19,贵阳,17,11
10,2017-10-19,运城,20,10
10,2017-10-19,郑州,22,10
10,2017-10-19,重庆,21,16
10,2017-10-20,北京,16,10
10,2017-10-20,呼和浩特,15,3
10,2017-10-20,恩施,20,16
10,2017-10-20,成都,20,16
10,2017-10-20,昆明,22,13
10,2017-10-20,济南,21,10
10,2017-10-20,西安,19,11
10,2017-10-20,贵阳,17,13
10,2017-10-20,运城,21,10
10,2017-10-20,郑州,22,9
10,2017-10-20,重庆,21,17
10,2017-10-21,北京,17,9
10,2017-10-21,呼和浩特,12,4
10,2017-10-21,恩施,22,14
10,2017-10-21,成都,19,16
10,2017-10-21,昆明,21,14
10,2017-10-21,济南,24,11
10,2017-10-21,西安,19,12
10,2017-10-21,贵阳,16,11
10,2017-10-21,运城,19,10
10,2017-10-21,郑州,22,10
10,2017-10-21,重庆,19,17
10,2017-10-22,北京,13,9
10,2017-10-22,呼和浩特,15,2
10,2017-10-22,恩施,19,15
10,2017-10-22,成都,16,13
10,2017-10-22,昆明,15,13
10,2017-10-22,济南,17,9
10,2017-10-22,西安,19,11
10,2017-10-22,贵阳,18,12
10,2017-10-22,运城,19,10
10,2017-10-22,郑州,20,12
10,2017-10-22,重庆,17,14
10,2017-10-23,北京,17,5
10,2017-10-23,呼和浩特,13,3
10,2017-10-23,恩施,19,14
10,2017-10-23,成都,19,11
10,2017-10-23,昆明,12,11
10,2017-10-23,济南,16,8
10,2017-10-23,西安,20,13
10,2017-10-23,贵阳,17,11
10,2017-10-23,运城,19,11
10,2017-10-23,郑州,17,11
10,2017-10-23,重庆,16,14
10,2017-10-24,北京,17,6
10,2017-10-24,呼和浩特,14,2
10,2017-10-24,恩施,19,13
10,2017-10-24,成都,16,14
10,2017-10-24,昆明,13,9
10,2017-10-24,济南,19,5
10,2017-10-24,西安,18,11
10,2017-10-24,贵阳,14,11
10,2017-10-24,运城,18,10
10,2017-10-24,郑州,19,9
10,2017-10-24,重庆,21,15
10,2017-10-25,北京,15,7
10,2017-10-25,呼和浩特,10,5
10,2017-10-25,恩施,15,14
10,2017-10-25,成都,18,13
10,2017-10-25,昆明,20,13
10,2017-10-25,济南,17,9
10,2017-10-25,西安,15,12
10,2017-10-25,贵阳,17,12
10,2017-10-25,运城,16,12
10,2017-10-25,郑州,18,13
10,2017-10-25,重庆,18,15
10,2017-10-26,北京,16,9
10,2017-10-26,呼和浩特,11,3
10,2017-10-26,恩施,21,14
10,2017-10-26,成都,21,13
10,2017-10-26,昆明,21,11
10,2017-10-26,济南,20,12
10,2017-10-26,西安,22,11
10,2017-10-26,贵阳,15,12
10,2017-10-26,运城,18,10
10,2017-10-26,郑州,22,12
10,2017-10-26,重庆,19,15
10,2017-10-27,北京,16,9
10,2017-10-27,呼和浩特,13,3
10,2017-10-27,恩施,24,12
10,2017-10-27,成都,21,10
10,2017-10-27,昆明,20,9
10,2017-10-27,济南,23,13
10,2017-10-27,西安,19,8
10,2017-10-27,贵阳,19,11
10,2017-10-27,运城,22,7
10,2017-10-27,郑州,24,10
10,2017-10-27,重庆,19,15
10,2017-10-28,北京,13,8
10,2017-10-28,呼和浩特,4,-2
10,2017-10-28,恩施,25,12
10,2017-10-28,成都,18,11
10,2017-10-28,昆明,20,7
10,2017-10-28,济南,24,12
10,2017-10-28,西安,18,10
10,2017-10-28,贵阳,23,13
10,2017-10-28,运城,20,8
10,2017-10-28,郑州,25,10
10,2017-10-28,重庆,23,13
10,2017-10-29,北京,13,5
10,2017-10-29,呼和浩特,4,-6
10,2017-10-29,恩施,22,13
10,2017-10-29,成都,16,14
10,2017-10-29,昆明,20,9
10,2017-10-29,济南,12,3
10,2017-10-29,西安,13,9
10,2017-10-29,贵阳,19,11
10,2017-10-29,运城,16,3
10,2017-10-29,郑州,16,7
10,2017-10-29,重庆,21,17
10,2017-10-30,北京,16,0
10,2017-10-30,呼和浩特,7,-7
10,2017-10-30,恩施,21,13
10,2017-10-30,成都,15,13
10,2017-10-30,昆明,18,10
10,2017-10-30,济南,16,3
10,2017-10-30,西安,13,9
10,2017-10-30,贵阳,17,8
10,2017-10-30,运城,17,4
10,2017-10-30,郑州,18,4
10,2017-10-30,重庆,23,16
10,2017-10-31,北京,14,2
10,2017-10-31,呼和浩特,11,-1
10,2017-10-31,恩施,23,10
10,2017-10-31,成都,14,13
10,2017-10-31,昆明,17,4
10,2017-10-31,济南,17,9
10,2017-10-31,西安,11,9
10,2017-10-31,贵阳,19,6
10,2017-10-31,运城,11,9
10,2017-10-31,郑州,17,7
10,2017-10-31,重庆,24,13
11,2017-11-01,北京,19,5
11,2017-11-01,呼和浩特,10,1
11,2017-11-01,恩施,21,10
11,2017-11-01,成都,22,12
11,2017-11-01,昆明,21,8
11,2017-11-01,济南,20,14
11,2017-11-01,西安,13,9
11,2017-11-01,贵阳,19,7
11,2017-11-01,运城,13,10
11,2017-11-01,郑州,19,11
11,2017-11-01,重庆,20,17
11,2017-11-02,北京,20,6
11,2017-11-02,呼和浩特,8,1
11,2017-11-02,恩施,26,14
11,2017-11-02,成都,23,10
11,2017-11-02,昆明,16,11
11,2017-11-02,济南,21,13
11,2017-11-02,西安,22,10
11,2017-11-02,贵阳,18,12
11,2017-11-02,运城,18,9
11,2017-11-02,郑州,24,9
11,2017-11-02,重庆,22,14
11,2017-11-03,北京,12,3
11,2017-11-03,呼和浩特,7,-5
11,2017-11-03,恩施,25,11
11,2017-11-03,成都,23,11
11,2017-11-03,昆明,14,9
11,2017-11-03,济南,14,6
11,2017-11-03,西安,20,9
11,2017-11-03,贵阳,20,11
11,2017-11-03,运城,19,6
11,2017-11-03,郑州,17,9
11,2017-11-03,重庆,23,14
11,2017-11-04,北京,13,-1
11,2017-11-04,呼和浩特,10,-5
11,2017-11-04,恩施,22,12
11,2017-11-04,成都,21,10
11,2017-11-04,昆明,16,8
11,2017-11-04,济南,15,3
11,2017-11-04,西安,16,8
11,2017-11-04,贵阳,19,12
11,2017-11-04,运城,17,5
11,2017-11-04,郑州,16,7
11,2017-11-04,重庆,21,15
11,2017-11-05,北京,13,3
11,2017-11-05,呼和浩特,13,0
11,2017-11-05,恩施,23,10
11,2017-11-05,成都,19,12
11,2017-11-05,昆明,18,6
11,2017-11-05,济南,17,8
11,2017-11-05,西安,16,7
11,2017-11-05,贵阳,20,8
11,2017-11-05,运城,19,6
11,2017-11-05,郑州,19,9
11,2017-11-05,重庆,24,14
11,2017-11-06,北京,15,4
11,2017-11-06,呼和浩特,11,2
11,2017-11-06,恩施,22,9
11,2017-11-06,成都,19,12
11,2017-11-06,昆明,18,6
11,2017-11-06,济南,21,12
11,2017-11-06,西安,19,6
11,2017-11-06,贵阳,21,7
11,2017-11-06,运城,19,5
11,2017-11-06,郑州,22,7
11,2017-11-06,重庆,22,14
11,2017-11-07,北京,19,4
11,2017-11-07,呼和浩特,10,-1
11,2017-11-07,恩施,23,11
11,2017-11-07,成都,24,10
11,2017-11-07,昆明,18,10
11,2017-11-07,济南,22,10
11,2017-11-07,西安,21,9
11,2017-11-07,贵阳,17,12
11,2017-11-07,运城,20,7
11,2017-11-07,郑州,25,9
11,2017-11-07,重庆,24,16
11,2017-11-08,北京,14,3
11,2017-11-08,呼和浩特,11,-4
11,2017-11-08,恩施,24,10
11,2017-11-08,成都,22,10
11,2017-11-08,昆明,19,9
11,2017-11-08,济南,20,9
11,2017-11-08,西安,17,8
11,2017-11-08,贵阳,22,10
11,2017-11-08,运城,23,7
11,2017-11-08,郑州,22,7
11,2017-11-08,重庆,25,14
11,2017-11-09,北京,12,4
11,2017-11-09,呼和浩特,7,0
11,2017-11-09,恩施,24,10
11,2017-11-09,成都,22,15
11,2017-11-09,昆明,21,8
11,2017-11-09,济南,20,14
11,2017-11-09,西安,15,8
11,2017-11-09,贵阳,20,12
11,2017-11-09,运城,18,10
11,2017-11-09,郑州,20,12
11,2017-11-09,重庆,25,15
11,2017-11-10,北京,13,3
11,2017-11-10,呼和浩特,2,-6
11,2017-11-10,恩施,16,13
11,2017-11-10,成都,17,13
11,2017-11-10,昆明,21,10
11,2017-11-10,济南,15,7
11,2017-11-10,西安,12,8
11,2017-11-10,贵阳,23,15
11,2017-11-10,运城,12,6
11,2017-11-10,郑州,17,12
11,2017-11-10,重庆,20,15
11,2017-11-11,北京,9,-1
11,2017-11-11,呼和浩特,3,-7
11,2017-11-11,恩施,13,12
11,2017-11-11,成都,20,10
11,2017-11-11,昆明,22,8
11,2017-11-11,济南,13,2
11,2017-11-11,西安,11,5
11,2017-11-11,贵阳,17,11
11,2017-11-11,运城,12,2
11,2017-11-11,郑州,13,5
11,2017-11-11,重庆,16,14
11,2017-11-12,北京,10,0
11,2017-11-12,呼和浩特,7,-5
11,2017-11-12,恩施,13,11
11,2017-11-12,成都,14,10
11,2017-11-12,昆明,21,-1
11,2017-11-12,济南,15,8
11,2017-11-12,西安,13,3
11,2017-11-12,贵阳,19,9
11,2017-11-12,运城,8,0
11,2017-11-12,郑州,15,5
11,2017-11-12,重庆,16,15
11,2017-11-13,北京,11,0
11,2017-11-13,呼和浩特,0,-8
11,2017-11-13,恩施,15,12
11,2017-11-13,成都,20,8
11,2017-11-13,昆明,20,7
11,2017-11-13,济南,16,9
11,2017-11-13,西安,15,3
11,2017-11-13,贵阳,14,9
11,2017-11-13,运城,13,0
11,2017-11-13,郑州,20,6
11,2017-11-13,重庆,19,14
11,2017-11-14,北京,7,-1
11,2017-11-14,呼和浩特,0,-12
11,2017-11-14,恩施,15,13
11,2017-11-14,成都,18,12
11,2017-11-14,昆明,22,5
11,2017-11-14,济南,12,4
11,2017-11-14,西安,12,4
11,2017-11-14,贵阳,14,10
11,2017-11-14,运城,12,0
11,2017-11-14,郑州,13,5
11,2017-11-14,重庆,19,14
11,2017-11-15,北京,5,-1
11,2017-11-15,呼和浩特,0,-12
11,2017-11-15,恩施,16,12
11,2017-11-15,成都,18,13
11,2017-11-15,昆明,21,5
11,2017-11-15,济南,12,2
11,2017-11-15,西安,11,3
11,2017-11-15,贵阳,16,9
11,2017-11-15,运城,15,0
11,2017-11-15,郑州,13,4
11,2017-11-15,重庆,19,16
11,2017-11-16,北京,8,-2
11,2017-11-16,呼和浩特,3,-7
11,2017-11-16,恩施,14,6
11,2017-11-16,成都,17,7
11,2017-11-16,昆明,23,7
11,2017-11-16,济南,12,4
11,2017-11-16,西安,9,4
11,2017-11-16,贵阳,20,7
11,2017-11-16,运城,13,3
11,2017-11-16,郑州,13,5
11,2017-11-16,重庆,18,7
11,2017-11-17,北京,5,-1
11,2017-11-17,呼和浩特,-4,-12
11,2017-11-17,恩施,14,13
11,2017-11-17,成都,16,13
11,2017-11-17,昆明,23,11
11,2017-11-17,济南,11,4
11,2017-11-17,西安,11,7
11,2017-11-17,贵阳,16,12
11,2017-11-17,运城,11,2
11,2017-11-17,郑州,11,5
11,2017-11-17,重庆,20,16
11,2017-11-18,北京,5,-3
11,2017-11-18,呼和浩特,-2,-16
11,2017-11-18,恩施,12,8
11,2017-11-18,成都,14,11
11,2017-11-18,昆明,16,10
11,2017-11-18,济南,4,-1
11,2017-11-18,西安,8,1
11,2017-11-18,贵阳,13,7
11,2017-11-18,运城,9,0
11,2017-11-18,郑州,5,0
11,2017-11-18,重庆,17,11
11,2017-11-19,北京,4,-5
11,2017-11-19,呼和浩特,-1,-11
11,2017-11-19,恩施,10,6
11,2017-11-19,成都,11,8
11,2017-11-19,昆明,21,9
11,2017-11-19,济南,6,-1
11,2017-11-19,西安,7,3
11,2017-11-19,贵阳,8,4
11,2017-11-19,运城,5,0
11,2017-11-19,郑州,6,0
11,2017-11-19,重庆,14,11
11,2017-11-20,北京,9,-4
11,2017-11-20,呼和浩特,1,-12
11,2017-11-20,恩施,11,7
11,2017-11-20,成都,14,8
11,2017-11-20,昆明,18,11
11,2017-11-20,济南,10,0
11,2017-11-20,西安,10,1
11,2017-11-20,贵阳,6,3
11,2017-11-20,运城,9,-1
11,2017-11-20,郑州,12,2
11,2017-11-20,重庆,12,10
11,2017-11-21,北京,9,-3
11,2017-11-21,呼和浩特,2,-10
11,2017-11-21,恩施,10,8
11,2017-11-21,成都,12,8
11,2017-11-21,昆明,21,12
11,2017-11-21,济南,11,4
11,2017-11-21,西安,11,3
11,2017-11-21,贵阳,7,2
11,2017-11-21,运城,12,-1
11,2017-11-21,郑州,15,1
11,2017-11-21,重庆,11,9
11,2017-11-22,北京,8,-2
11,2017-11-22,呼和浩特,-3,-11
11,2017-11-22,恩施,11,8
11,2017-11-22,成都,13,8
11,2017-11-22,昆明,15,7
11,2017-11-22,济南,8,2
11,2017-11-22,西安,10,1
11,2017-11-22,贵阳,6,3
11,2017-11-22,运城,9,-2
11,2017-11-22,郑州,13,8
11,2017-11-22,重庆,12,9
11,2017-11-23,北京,6,-3
11,2017-11-23,呼和浩特,-4,-14
11,2017-11-23,恩施,15,7
11,2017-11-23,成都,12,4
11,2017-11-23,昆明,7,5
11,2017-11-23,济南,8,0
11,2017-11-23,西安,12,2
11,2017-11-23,贵阳,8,4
11,2017-11-23,运城,12,-4
11,2017-11-23,郑州,13,-14
11,2017-11-23,重庆,10,9
11,2017-11-24,北京,6,-2
11,2017-11-24,呼和浩特,-5,-15
11,2017-11-24,恩施,14,5
11,2017-11-24,成都,14,3
11,2017-11-24,昆明,6,3
11,2017-11-24,济南,8,-1
11,2017-11-24,西安,10,0
11,2017-11-24,贵阳,7,4
11,2017-11-24,运城,13,-3
11,2017-11-24,郑州,10,-9
11,2017-11-24,重庆,13,9
11,2017-11-25,北京,10,-3
11,2017-11-25,呼和浩特,2,-8
11,2017-11-25,恩施,16,4
11,2017-11-25,成都,13,4
11,2017-11-25,昆明,13,6
11,2017-11-25,济南,16,7
11,2017-11-25,西安,16,1
11,2017-11-25,贵阳,12,5
11,2017-11-25,运城,15,-3
11,2017-11-25,郑州,18,-10
11,2017-11-25,重庆,14,7
11,2017-11-26,北京,5,-1
11,2017-11-26,呼和浩特,2,-11
11,2017-11-26,恩施,17,4
11,2017-11-26,成都,15,4
11,2017-11-26,昆明,17,8
11,2017-11-26,济南,8,3
11,2017-11-26,西安,13,0
11,2017-11-26,贵阳,15,5
11,2017-11-26,运城,16,-2
11,2017-11-26,郑州,11,-2
11,2017-11-26,重庆,16,7
11,2017-11-27,北京,5,-3
11,2017-11-27,呼和浩特,4,-7
11,2017-11-27,恩施,10,5
11,2017-11-27,成都,14,9
11,2017-11-27,昆明,17,10
11,2017-11-27,济南,12,4
11,2017-11-27,西安,8,2
11,2017-11-27,贵阳,18,9
11,2017-11-27,运城,12,1
11,2017-11-27,郑州,11,-9
11,2017-11-27,重庆,13,11
11,2017-11-28,北京,6,-3
11,2017-11-28,呼和浩特,0,-12
11,2017-11-28,恩施,9,8
11,2017-11-28,成都,15,10
11,2017-11-28,昆明,17,7
11,2017-11-28,济南,11,2
11,2017-11-28,西安,14,2
11,2017-11-28,贵阳,12,7
11,2017-11-28,运城,13,-2
11,2017-11-28,郑州,17,-5
11,2017-11-28,重庆,14,12
11,2017-11-29,北京,0,-5
11,2017-11-29,呼和浩特,-3,-14
11,2017-11-29,恩施,10,8
11,2017-11-29,成都,15,10
11,2017-11-29,昆明,18,6
11,2017-11-29,济南,4,0
11,2017-11-29,西安,7,3
11,2017-11-29,贵阳,18,8
11,2017-11-29,运城,6,0
11,2017-11-29,郑州,14,-5
11,2017-11-29,重庆,14,11
11,2017-11-30,北京,3,-5
11,2017-11-30,呼和浩特,-4,-16
11,2017-11-30,恩施,10,8
11,2017-11-30,成都,17,7
11,2017-11-30,昆明,17,6
11,2017-11-30,济南,4,-2
11,2017-11-30,西安,9,0
11,2017-11-30,贵阳,11,5
11,2017-11-30,运城,9,-1
11,2017-11-30,郑州,5,0
11,2017-11-30,重庆,14,10
12,2017-12-01,北京,5,-7
12,2017-12-01,呼和浩特,-2,-14
12,2017-12-01,恩施,10,8
12,2017-12-01,成都,12,6
12,2017-12-01,昆明,17,5
12,2017-12-01,济南,8,-3
12,2017-12-01,西安,4,0
12,2017-12-01,贵阳,7,4
12,2017-12-01,运城,9,-4
12,2017-12-01,郑州,7,-3
12,2017-12-01,重庆,13,11
12,2017-12-02,北京,5,-5
12,2017-12-02,呼和浩特,0,-13
12,2017-12-02,恩施,12,8
12,2017-12-02,成都,13,8
12,2017-12-02,昆明,17,6
12,2017-12-02,济南,10,3
12,2017-12-02,西安,10,-1
12,2017-12-02,贵阳,8,4
12,2017-12-02,运城,9,-4
12,2017-12-02,郑州,13,0
12,2017-12-02,重庆,13,10
12,2017-12-03,北京,5,-3
12,2017-12-03,呼和浩特,-4,-12
12,2017-12-03,恩施,12,8
12,2017-12-03,成都,16,6
12,2017-12-03,昆明,18,5
12,2017-12-03,济南,8,1
12,2017-12-03,西安,15,1
12,2017-12-03,贵阳,7,6
12,2017-12-03,运城,11,-2
12,2017-12-03,郑州,13,3
12,2017-12-03,重庆,14,11
12,2017-12-04,北京,2,-4
12,2017-12-04,呼和浩特,-5,-15
12,2017-12-04,恩施,13,7
12,2017-12-04,成都,15,4
12,2017-12-04,昆明,13,5
12,2017-12-04,济南,2,-3
12,2017-12-04,西安,9,0
12,2017-12-04,贵阳,9,7
12,2017-12-04,运城,8,-4
12,2017-12-04,郑州,8,0
12,2017-12-04,重庆,13,10
12,2017-12-05,北京,6,-5
12,2017-12-05,呼和浩特,-2,-15
12,2017-12-05,恩施,15,7
12,2017-12-05,成都,14,6
12,2017-12-05,昆明,15,5
12,2017-12-05,济南,6,-4
12,2017-12-05,西安,8,-2
12,2017-12-05,贵阳,11,6
12,2017-12-05,运城,8,-7
12,2017-12-05,郑州,10,-1
12,2017-12-05,重庆,13,11
12,2017-12-06,北京,9,-2
12,2017-12-06,呼和浩特,-1,-13
12,2017-12-06,恩施,9,8
12,2017-12-06,成都,15,8
12,2017-12-06,昆明,19,3
12,2017-12-06,济南,10,1
12,2017-12-06,西安,8,-2
12,2017-12-06,贵阳,8,6
12,2017-12-06,运城,8,-7
12,2017-12-06,郑州,13,-3
12,2017-12-06,重庆,12,11
12,2017-12-07,北京,4,0
12,2017-12-07,呼和浩特,-4,-12
12,2017-12-07,恩施,10,8
12,2017-12-07,成都,13,8
12,2017-12-07,昆明,20,3
12,2017-12-07,济南,7,0
12,2017-12-07,西安,9,-1
12,2017-12-07,贵阳,6,5
12,2017-12-07,运城,8,-6
12,2017-12-07,郑州,12,1
12,2017-12-07,重庆,12,11
12,2017-12-08,北京,7,-2
12,2017-12-08,呼和浩特,-1,-11
12,2017-12-08,恩施,9,4
12,2017-12-08,成都,15,6
12,2017-12-08,昆明,12,7
12,2017-12-08,济南,7,0
12,2017-12-08,西安,7,1
12,2017-12-08,贵阳,6,3
12,2017-12-08,运城,6,-3
12,2017-12-08,郑州,11,0
12,2017-12-08,重庆,11,9
12,2017-12-09,北京,8,-3
12,2017-12-09,呼和浩特,-2,-13
12,2017-12-09,恩施,14,4
12,2017-12-09,成都,14,1
12,2017-12-09,昆明,16,8
12,2017-12-09,济南,10,2
12,2017-12-09,西安,9,-1
12,2017-12-09,贵阳,13,2
12,2017-12-09,运城,8,-3
12,2017-12-09,郑州,14,0
12,2017-12-09,重庆,15,7
12,2017-12-10,北京,5,-1
12,2017-12-10,呼和浩特,-2,-8
12,2017-12-10,恩施,14,6
12,2017-12-10,成都,16,1
12,2017-12-10,昆明,19,9
12,2017-12-10,济南,8,-1
12,2017-12-10,西安,9,-1
12,2017-12-10,贵阳,11,6
12,2017-12-10,运城,9,-3
12,2017-12-10,郑州,12,5
12,2017-12-10,重庆,12,10
12,2017-12-11,北京,0,-4
12,2017-12-11,呼和浩特,-1,-11
12,2017-12-11,恩施,11,5
12,2017-12-11,成都,13,0
12,2017-12-11,昆明,20,9
12,2017-12-11,济南,5,-2
12,2017-12-11,西安,7,-2
12,2017-12-11,贵阳,8,6
12,2017-12-11,运城,10,-5
12,2017-12-11,郑州,11,1
12,2017-12-11,重庆,12,9
12,2017-12-12,北京,-2,-7
12,2017-12-12,呼和浩特,-1,-11
12,2017-12-12,恩施,10,8
12,2017-12-12,成都,11,7
12,2017-12-12,昆明,20,9
12,2017-12-12,济南,2,-4
12,2017-12-12,西安,5,1
12,2017-12-12,贵阳,7,5
12,2017-12-12,运城,5,-1
12,2017-12-12,郑州,1,-1
12,2017-12-12,重庆,12,11
12,2017-12-13,北京,0,-8
12,2017-12-13,呼和浩特,-1,-10
12,2017-12-13,恩施,8,5
12,2017-12-13,成都,9,7
12,2017-12-13,昆明,19,9
12,2017-12-13,济南,3,-3
12,2017-12-13,西安,3,-1
12,2017-12-13,贵阳,5,2
12,2017-12-13,运城,2,-2
12,2017-12-13,郑州,3,-2
12,2017-12-13,重庆,11,9
12,2017-12-14,北京,0,-4
12,2017-12-14,呼和浩特,-1,-8
12,2017-12-14,恩施,7,5
12,2017-12-14,成都,10,6
12,2017-12-14,昆明,20,4
12,2017-12-14,济南,1,-1
12,2017-12-14,西安,1,0
12,2017-12-14,贵阳,4,1
12,2017-12-14,运城,2,0
12,2017-12-14,郑州,0,-1
12,2017-12-14,重庆,10,9
12,2017-12-15,北京,1,-4
12,2017-12-15,呼和浩特,-6,-13
12,2017-12-15,恩施,8,5
12,2017-12-15,成都,12,6
12,2017-12-15,昆明,18,3
12,2017-12-15,济南,1,-3
12,2017-12-15,西安,8,1
12,2017-12-15,贵阳,4,1
12,2017-12-15,运城,8,-1
12,2017-12-15,郑州,7,-1
12,2017-12-15,重庆,11,8
12,2017-12-16,北京,0,-4
12,2017-12-16,呼和浩特,-5,-14
12,2017-12-16,恩施,11,2
12,2017-12-16,成都,12,6
12,2017-12-16,昆明,9,4
12,2017-12-16,济南,0,-6
12,2017-12-16,西安,4,-1
12,2017-12-16,贵阳,4,0
12,2017-12-16,运城,2,-6
12,2017-12-16,郑州,5,0
12,2017-12-16,重庆,13,9
12,2017-12-17,北京,5,-7
12,2017-12-17,呼和浩特,-4,-18
12,2017-12-17,恩施,8,6
12,2017-12-17,成都,10,5
12,2017-12-17,昆明,11,5
12,2017-12-17,济南,5,-5
12,2017-12-17,西安,4,-4
12,2017-12-17,贵阳,4,0
12,2017-12-17,运城,4,-9
12,2017-12-17,郑州,8,0
12,2017-12-17,重庆,9,7
12,2017-12-18,北京,5,-5
12,2017-12-18,呼和浩特,-2,-13
12,2017-12-18,恩施,11,1
12,2017-12-18,成都,14,0
12,2017-12-18,昆明,8,4
12,2017-12-18,济南,8,-1
12,2017-12-18,西安,9,-2
12,2017-12-18,贵阳,5,1
12,2017-12-18,运城,6,-8
12,2017-12-18,郑州,11,4
12,2017-12-18,重庆,11,5
12,2017-12-19,北京,4,-4
12,2017-12-19,呼和浩特,-3,-16
12,2017-12-19,恩施,11,1
12,2017-12-19,成都,14,-1
12,2017-12-19,昆明,11,2
12,2017-12-19,济南,7,-4
12,2017-12-19,西安,10,-4
12,2017-12-19,贵阳,9,1
12,2017-12-19,运城,7,-8
12,2017-12-19,郑州,11,2
12,2017-12-19,重庆,13,4
12,2017-12-20,北京,8,-3
12,2017-12-20,呼和浩特,0,-10
12,2017-12-20,恩施,13,0
12,2017-12-20,成都,16,0
12,2017-12-20,昆明,11,1
12,2017-12-20,济南,8,-1
12,2017-12-20,西安,12,-1
12,2017-12-20,贵阳,11,1
12,2017-12-20,运城,9,-7
12,2017-12-20,郑州,13,2
12,2017-12-20,重庆,12,6
12,2017-12-21,北京,9,-4
12,2017-12-21,呼和浩特,-1,-12
12,2017-12-21,恩施,13,1
12,2017-12-21,成都,13,0
12,2017-12-21,昆明,13,-3
12,2017-12-21,济南,11,-1
12,2017-12-21,西安,9,-3
12,2017-12-21,贵阳,15,0
12,2017-12-21,运城,9,-6
12,2017-12-21,郑州,14,-2
12,2017-12-21,重庆,11,5
12,2017-12-22,北京,10,-4
12,2017-12-22,呼和浩特,0,-9
12,2017-12-22,恩施,12,1
12,2017-12-22,成都,12,0
12,2017-12-22,昆明,18,1
12,2017-12-22,济南,13,5
12,2017-12-22,西安,9,-1
12,2017-12-22,贵阳,15,2
12,2017-12-22,运城,7,-4
12,2017-12-22,郑州,13,0
12,2017-12-22,重庆,9,5
12,2017-12-23,北京,6,-3
12,2017-12-23,呼和浩特,-4,-12
12,2017-12-23,恩施,11,5
12,2017-12-23,成都,15,1
12,2017-12-23,昆明,20,0
12,2017-12-23,济南,8,2
12,2017-12-23,西安,11,0
12,2017-12-23,贵阳,13,5
12,2017-12-23,运城,9,-4
12,2017-12-23,郑州,13,2
12,2017-12-23,重庆,11,5
12,2017-12-24,北京,5,0
12,2017-12-24,呼和浩特,-4,-12
12,2017-12-24,恩施,14,2
12,2017-12-24,成都,15,0
12,2017-12-24,昆明,12,2
12,2017-12-24,济南,7,0
12,2017-12-24,西安,10,0
12,2017-12-24,贵阳,14,3
12,2017-12-24,运城,8,-3
12,2017-12-24,郑州,10,2
12,2017-12-24,重庆,13,5
12,2017-12-25,北京,4,-3
12,2017-12-25,呼和浩特,-3,-15
12,2017-12-25,恩施,14,1
12,2017-12-25,成都,12,1
12,2017-12-25,昆明,19,0
12,2017-12-25,济南,7,-2
12,2017-12-25,西安,4,-1
12,2017-12-25,贵阳,15,3
12,2017-12-25,运城,7,-6
12,2017-12-25,郑州,11,-1
12,2017-12-25,重庆,8,6
12,2017-12-26,北京,3,-5
12,2017-12-26,呼和浩特,-3,-14
12,2017-12-26,恩施,14,2
12,2017-12-26,成都,16,2
12,2017-12-26,昆明,21,0
12,2017-12-26,济南,7,0
12,2017-12-26,西安,9,0
12,2017-12-26,贵阳,14,5
12,2017-12-26,运城,10,-5
12,2017-12-26,郑州,9,0
12,2017-12-26,重庆,11,7
12,2017-12-27,北京,1,-6
12,2017-12-27,呼和浩特,1,-10
12,2017-12-27,恩施,10,4
12,2017-12-27,成都,13,3
12,2017-12-27,昆明,13,7
12,2017-12-27,济南,9,1
12,2017-12-27,西安,7,-1
12,2017-12-27,贵阳,10,6
12,2017-12-27,运城,9,-3
12,2017-12-27,郑州,9,-2
12,2017-12-27,重庆,11,7
12,2017-12-28,北京,1,-4
12,2017-12-28,呼和浩特,5,-5
12,2017-12-28,恩施,15,6
12,2017-12-28,成都,11,2
12,2017-12-28,昆明,17,6
12,2017-12-28,济南,9,1
12,2017-12-28,西安,7,-2
12,2017-12-28,贵阳,16,8
12,2017-12-28,运城,8,-2
12,2017-12-28,郑州,6,0
12,2017-12-28,重庆,10,6
12,2017-12-29,北京,-1,-4
12,2017-12-29,呼和浩特,-1,-9
12,2017-12-29,恩施,11,6
12,2017-12-29,成都,11,2
12,2017-12-29,昆明,19,4
12,2017-12-29,济南,8,0
12,2017-12-29,西安,10,4
12,2017-12-29,贵阳,11,7
12,2017-12-29,运城,8,-3
12,2017-12-29,郑州,10,-1
12,2017-12-29,重庆,10,8
12,2017-12-30,北京,6,-3
12,2017-12-30,呼和浩特,-4,-13
12,2017-12-30,恩施,11,5
12,2017-12-30,成都,14,5
12,2017-12-30,昆明,12,4
12,2017-12-30,济南,6,-1
12,2017-12-30,西安,9,1
12,2017-12-30,贵阳,6,4
12,2017-12-30,运城,9,-3
12,2017-12-30,郑州,12,2
12,2017-12-30,重庆,13,8
12,2017-12-31,北京,4,-6
12,2017-12-31,呼和浩特,-3,-17
12,2017-12-31,恩施,13,6
12,2017-12-31,成都,14,0
12,2017-12-31,昆明,11,7
12,2017-12-31,济南,7,-3
12,2017-12-31,西安,7,-1
12,2017-12-31,贵阳,10,3
12,2017-12-31,运城,8,-5
12,2017-12-31,郑州,10,-2
12,2017-12-31,重庆,12,6
